Date,open,high,low,close,adj close,volume,sma_200,sma_200_above
2023-01-02,15479.9501953125,15536.349609375,15433.2998046875,15523.650390625,15523.650390625,2100336300,,False
2023-01-03,15515.75,15575.7001953125,15500.75,15557.7998046875,15557.7998046875,20771100,,False
2023-01-04,15563.150390625,15574.5,15375.7998046875,15393.0,15393.0,21390500,,False
2023-01-05,15446.5,15462.150390625,15286.400390625,15386.2001953125,15386.2001953125,17566700,,False
2023-01-06,15401.349609375,15419.400390625,15219.849609375,15272.0,15272.0,17314600,,False
2023-01-09,15360.400390625,15472.150390625,15353.349609375,15450.099609375,15450.099609375,16224900,,False
2023-01-10,15470.0,15472.4501953125,15262.099609375,15325.25,15325.25,16031600,,False
2023-01-11,15342.75,15375.099609375,15257.0,15301.349609375,15301.349609375,16188500,,False
2023-01-12,15329.7001953125,15347.2001953125,15203.5498046875,15279.599609375,15279.599609375,15254100,,False
2023-01-13,15295.900390625,15370.0498046875,15215.0,15346.099609375,15346.099609375,16543300,,False
2023-01-16,15398.150390625,15421.25,15276.5,15305.4501953125,15305.4501953125,18627400,,False
2023-01-17,15328.849609375,15411.0,15291.599609375,15396.150390625,15396.150390625,16620100,,False
2023-01-18,15416.599609375,15479.650390625,15376.5,15466.349609375,15466.349609375,14567100,,False
2023-01-19,15427.150390625,15455.150390625,15387.25,15419.7001953125,15419.7001953125,13979400,,False
2023-01-20,15428.2001953125,15443.4501953125,15336.7001953125,15347.900390625,15347.900390625,14565800,,False
2023-01-23,15411.5,15427.5,15364.25,15403.2001953125,15403.2001953125,17463500,,False
2023-01-24,15451.2001953125,15459.2998046875,15364.2001953125,15388.5498046875,15388.5498046875,13851600,,False
2023-01-25,15364.400390625,15368.7001953125,15146.400390625,15171.9501953125,15171.9501953125,17964600,,False
2023-01-27,15160.150390625,15165.400390625,14779.099609375,14874.75,14874.75,23619800,,False
2023-01-30,14807.5,14955.150390625,14675.0498046875,14854.2001953125,14854.2001953125,21766700,,False
2023-01-31,14906.4501953125,14962.9501953125,14787.849609375,14935.5,14935.5,21357100,,False
2023-02-01,15054.7998046875,15154.099609375,14622.650390625,14847.650390625,14847.650390625,26382500,,False
2023-02-02,14760.349609375,14887.4501953125,14698.400390625,14839.400390625,14839.400390625,20569100,,False
2023-02-03,14904.099609375,14972.150390625,14746.4501953125,14962.349609375,14962.349609375,20226200,,False
2023-02-06,14939.400390625,14954.2998046875,14870.5498046875,14934.150390625,14934.150390625,21782900,,False
2023-02-07,14950.150390625,14970.7998046875,14845.9501953125,14902.2001953125,14902.2001953125,16800000,,False
2023-02-08,14927.5498046875,15046.7001953125,14924.0498046875,15028.2998046875,15028.2998046875,17301500,,False
2023-02-09,15036.849609375,15054.75,14956.900390625,15030.099609375,15030.099609375,15692900,,False
2023-02-10,14992.650390625,15031.099609375,14969.5498046875,15015.849609375,15015.849609375,15674600,,False
2023-02-13,15011.349609375,15022.5498046875,14875.849609375,14900.5,14900.5,13892400,,False
2023-02-14,14936.2001953125,14988.0,14879.349609375,14968.900390625,14968.900390625,13173500,,False
2023-02-15,14939.0,15053.5498046875,14923.25,15039.650390625,15039.650390625,12612200,,False
2023-02-16,15098.4501953125,15135.349609375,15060.0,15083.75,15083.75,12628100,,False
2023-02-17,15036.25,15077.0,14966.2998046875,15003.9501953125,15003.9501953125,11788700,,False
2023-02-20,15023.4501953125,15036.4501953125,14920.7001953125,14938.650390625,14938.650390625,14870400,,False
2023-02-21,14982.0,14992.7001953125,14894.150390625,14913.9501953125,14913.9501953125,13621400,,False
2023-02-22,14854.150390625,14861.0498046875,14674.25,14701.900390625,14701.900390625,14453300,,False
2023-02-23,14715.2001953125,14740.7998046875,14599.099609375,14666.75,14666.75,17382800,,False
2023-02-24,14723.400390625,14741.9501953125,14598.9501953125,14630.4501953125,14630.4501953125,14434600,,False
2023-02-27,14600.900390625,14609.400390625,14465.7001953125,14548.7001953125,14548.7001953125,13597900,,False
2023-02-28,14550.0,14584.4501953125,14476.0,14518.75,14518.75,20385500,,False
2023-03-01,14557.0,14675.0498046875,14550.099609375,14664.849609375,14664.849609375,16097000,,False
2023-03-02,14654.7998046875,14668.400390625,14575.9501953125,14587.25,14587.25,15599200,,False
2023-03-03,14686.25,14813.0498046875,14676.0498046875,14774.75,14774.75,18314000,,False
2023-03-06,14848.349609375,14942.0498046875,14843.7001953125,14881.0,14881.0,16186000,,False
2023-03-08,14843.099609375,14932.400390625,14791.25,14921.9501953125,14921.9501953125,13836400,,False
2023-03-09,14947.0498046875,14952.849609375,14788.900390625,14803.9501953125,14803.9501953125,13376000,,False
2023-03-10,14695.0498046875,14699.349609375,14593.400390625,14679.849609375,14679.849609375,12540400,,False
2023-03-13,14681.5498046875,14752.849609375,14420.5,14454.4501953125,14454.4501953125,18200100,,False
2023-03-14,14462.0,14499.2001953125,14306.7998046875,14358.5498046875,14358.5498046875,15415200,,False
2023-03-15,14458.150390625,14494.349609375,14298.150390625,14320.2998046875,14320.2998046875,13865700,,False
2023-03-16,14328.5,14387.650390625,14189.0,14330.349609375,14330.349609375,21668100,,False
2023-03-17,14436.25,14464.900390625,14327.75,14420.849609375,14420.849609375,23358000,,False
2023-03-20,14389.849609375,14393.599609375,14196.5,14317.099609375,14317.099609375,16179700,,False
2023-03-21,14379.0498046875,14428.150390625,14339.9501953125,14411.2998046875,14411.2998046875,13293900,,False
2023-03-22,14470.0498046875,14497.150390625,14432.2001953125,14460.0,14460.0,0,,False
2023-03-23,14422.9501953125,14490.650390625,14388.2998046875,14403.599609375,14403.599609375,11622300,,False
2023-03-24,14409.0,14434.099609375,14257.5,14279.0,14279.0,13960500,,False
2023-03-27,14306.599609375,14348.9501953125,14238.900390625,14262.7001953125,14262.7001953125,14815600,,False
2023-03-28,14289.9501953125,14300.2001953125,14177.5,14211.7998046875,14211.7998046875,14615200,,False
2023-03-29,14218.599609375,14377.2998046875,14218.599609375,14345.599609375,14345.599609375,19557100,,False
2023-03-31,14442.2998046875,14577.150390625,14438.7998046875,14557.849609375,14557.849609375,17405600,,False
2023-04-03,14621.0498046875,14621.0498046875,14541.599609375,14601.9501953125,14601.9501953125,13824900,,False
2023-04-05,14620.7001953125,14718.900390625,14611.25,14709.400390625,14709.400390625,13452400,,False
2023-04-06,14701.099609375,14786.0,14673.7001953125,14759.2001953125,14759.2001953125,13016900,,False
2023-04-10,14797.349609375,14833.4501953125,14767.0,14790.5498046875,14790.5498046875,12063200,,False
2023-04-11,14854.650390625,14893.599609375,14814.349609375,14867.25,14867.25,12444900,,False
2023-04-12,14902.2001953125,14949.900390625,14871.900390625,14941.5498046875,14941.5498046875,11965900,,False
2023-04-13,14946.4501953125,14965.7001953125,14885.25,14954.25,14954.25,12962500,,False
2023-04-17,14970.349609375,14970.349609375,14794.4501953125,14904.2998046875,14904.2998046875,13960200,,False
2023-04-18,14949.099609375,14949.099609375,14852.650390625,14897.0,14897.0,15883500,,False
2023-04-19,14901.25,14905.599609375,14832.900390625,14856.900390625,14856.900390625,14657200,,False
2023-04-20,14878.5498046875,14905.7998046875,14835.900390625,14861.75,14861.75,11133000,,False
2023-04-21,14879.599609375,14888.650390625,14789.9501953125,14847.099609375,14847.099609375,14464900,,False
2023-04-24,14903.9501953125,14937.2001953125,14841.599609375,14930.150390625,14930.150390625,15603800,,False
2023-04-25,14945.7998046875,14981.2998046875,14916.349609375,14955.7001953125,14955.7001953125,19990300,,False
2023-04-26,14954.2001953125,15003.099609375,14918.5498046875,14994.400390625,14994.400390625,21127900,,False
2023-04-27,14999.900390625,15085.849609375,14989.2001953125,15075.0498046875,15075.0498046875,19847000,,False
2023-04-28,15111.0498046875,15235.4501953125,15077.4501953125,15219.5498046875,15219.5498046875,22144800,,False
2023-05-02,15276.2001953125,15327.75,15261.150390625,15300.75,15300.75,21880900,,False
2023-05-03,15277.75,15305.0498046875,15239.5,15276.400390625,15276.400390625,21733900,,False
2023-05-04,15282.25,15414.7001953125,15272.7001953125,15405.5,15405.5,22255200,,False
2023-05-05,15330.349609375,15394.900390625,15265.849609375,15278.599609375,15278.599609375,21111500,,False
2023-05-08,15321.900390625,15440.849609375,15310.75,15427.099609375,15427.099609375,17561300,,False
2023-05-09,15462.75,15502.7001953125,15393.9501953125,15420.599609375,15420.599609375,18148500,,False
2023-05-10,15458.0498046875,15476.099609375,15372.4501953125,15466.0498046875,15466.0498046875,16332600,,False
2023-05-11,15512.349609375,15526.75,15461.849609375,15484.0498046875,15484.0498046875,15978800,,False
2023-05-12,15475.0498046875,15506.150390625,15401.650390625,15477.349609375,15477.349609375,13497800,,False
2023-05-15,15495.849609375,15591.9501953125,15464.650390625,15549.7001953125,15549.7001953125,13567700,,False
2023-05-16,15584.400390625,15592.25,15476.650390625,15492.400390625,15492.400390625,17817900,,False
2023-05-17,15508.25,15512.849609375,15367.0,15426.349609375,15426.349609375,17073900,,False
2023-05-18,15506.650390625,15514.900390625,15346.849609375,15361.599609375,15361.599609375,15928500,,False
2023-05-19,15399.5,15418.7998046875,15278.7001953125,15407.5498046875,15407.5498046875,13957600,,False
2023-05-22,15409.0498046875,15517.650390625,15386.900390625,15504.0,15504.0,16992200,,False
2023-05-23,15551.0498046875,15595.650390625,15528.75,15544.75,15544.75,14883100,,False
2023-05-24,15517.2001953125,15591.400390625,15493.2998046875,15515.9501953125,15515.9501953125,17595700,,False
2023-05-25,15510.2001953125,15568.5498046875,15474.150390625,15555.25,15555.25,17916200,,False
2023-05-26,15589.5,15704.0,15567.849609375,15696.75,15696.75,15551800,,False
2023-05-29,15791.75,15805.75,15758.150390625,15772.349609375,15772.349609375,17560100,,False
2023-05-30,15784.25,15823.900390625,15759.349609375,15799.4501953125,15799.4501953125,16359800,,False
2023-05-31,15773.7998046875,15789.2001953125,15706.5,15766.400390625,15766.400390625,34527400,,False
2023-06-01,15801.9501953125,15823.9501953125,15743.400390625,15760.349609375,15760.349609375,17566700,,False
2023-06-02,15816.7998046875,15838.4501953125,15774.650390625,15811.2001953125,15811.2001953125,18505700,,False
2023-06-05,15877.4501953125,15899.150390625,15851.75,15859.5,15859.5,17899700,,False
2023-06-06,15873.75,15895.7001953125,15816.7001953125,15878.400390625,15878.400390625,17273800,,False
2023-06-07,15938.2998046875,16016.0,15920.25,16006.7001953125,16006.7001953125,31132700,,False
2023-06-08,16021.7001953125,16048.7998046875,15906.150390625,15921.0498046875,15921.0498046875,23687500,,False
2023-06-09,15947.9501953125,15961.7001953125,15866.7998046875,15877.400390625,15877.400390625,18992700,,False
2023-06-12,15913.2001953125,15946.150390625,15874.400390625,15929.099609375,15929.099609375,17248900,,False
2023-06-13,15964.7998046875,16057.5,15964.2998046875,16048.2001953125,16048.2001953125,19119800,,False
2023-06-14,16082.150390625,16094.099609375,16035.150390625,16084.0498046875,16084.0498046875,20155200,,False
2023-06-15,16106.849609375,16138.7001953125,16039.0498046875,16058.25,16058.25,17043200,,False
2023-06-16,16100.900390625,16211.25,16091.7998046875,16181.4501953125,16181.4501953125,20414800,,False
2023-06-19,16231.0498046875,16244.9501953125,16117.849609375,16142.150390625,16142.150390625,17333000,,False
2023-06-20,16147.5498046875,16215.599609375,16080.9501953125,16199.9501953125,16199.9501953125,16932200,,False
2023-06-21,16244.5498046875,16277.349609375,16201.400390625,16240.9501953125,16240.9501953125,18561500,,False
2023-06-22,16252.75,16264.150390625,16128.7998046875,16140.7998046875,16140.7998046875,17972000,,False
2023-06-23,16126.7001953125,16133.9501953125,15999.400390625,16011.7998046875,16011.7998046875,15066500,,False
2023-06-26,16017.5,16079.0,15995.099609375,16066.150390625,16066.150390625,13334300,,False
2023-06-27,16118.650390625,16171.2001953125,16104.2001953125,16163.5,16163.5,14832100,,False
2023-06-28,16239.849609375,16296.0,16210.4501953125,16277.2001953125,16277.2001953125,20741900,,False
2023-06-30,16354.9501953125,16437.44921875,16326.0,16430.0,16430.0,21663000,,False
2023-07-03,16490.94921875,16541.900390625,16485.30078125,16527.94921875,16527.94921875,22143300,,False
2023-07-04,16597.5,16599.25,16499.150390625,16556.05078125,16556.05078125,28937900,,False
2023-07-05,16580.19921875,16611.150390625,16540.19921875,16597.19921875,16597.19921875,23384400,,False
2023-07-06,16600.75,16703.30078125,16590.69921875,16695.05078125,16695.05078125,24845700,,False
2023-07-07,16653.30078125,16718.19921875,16541.599609375,16564.900390625,16564.900390625,21794000,,False
2023-07-10,16620.900390625,16623.94921875,16530.75,16553.75,16553.75,17837500,,False
2023-07-11,16610.94921875,16698.80078125,16597.55078125,16648.0,16648.0,19751600,,False
2023-07-12,16697.099609375,16703.25,16627.30078125,16641.05078125,16641.05078125,21120500,,False
2023-07-13,16726.94921875,16774.5,16596.44921875,16623.900390625,16623.900390625,21563600,,False
2023-07-14,16695.69921875,16786.0,16655.05078125,16765.44921875,16765.44921875,16827100,,False
2023-07-17,16811.650390625,16884.94921875,16784.349609375,16872.05078125,16872.05078125,20461300,,False
2023-07-18,16932.94921875,16940.150390625,16818.30078125,16872.0,16872.0,19999200,,False
2023-07-19,16919.05078125,16964.25,16877.44921875,16953.5,16953.5,19868200,,False
2023-07-20,16965.44921875,17051.0,16912.69921875,17042.55078125,17042.55078125,21616500,,False
2023-07-21,16931.94921875,16991.400390625,16874.94921875,16904.30078125,16904.30078125,23571800,,False
2023-07-24,16921.75,16948.400390625,16852.19921875,16865.150390625,16865.150390625,28840000,,False
2023-07-25,16918.80078125,16918.849609375,16832.44921875,16896.900390625,16896.900390625,22880300,,False
2023-07-26,16950.69921875,17011.0,16931.599609375,16975.0,16975.0,23136100,,False
2023-07-27,17038.349609375,17056.19921875,16873.0,16919.19921875,16919.19921875,24802600,,False
2023-07-28,16935.05078125,16960.5,16880.599609375,16948.349609375,16948.349609375,20685400,,False
2023-07-31,16972.5,17072.80078125,16939.0,17059.0,17059.0,24434300,,False
2023-08-01,17096.599609375,17102.099609375,17026.30078125,17051.150390625,17051.150390625,23309200,,False
2023-08-02,17005.599609375,17018.849609375,16755.900390625,16858.94921875,16858.94921875,24246300,,False
2023-08-03,16818.349609375,16878.75,16691.650390625,16772.30078125,16772.30078125,25498600,,False
2023-08-04,16847.400390625,16914.44921875,16836.55078125,16890.599609375,16890.599609375,26290700,,False
2023-08-07,16948.349609375,16970.05078125,16897.5,16956.349609375,16956.349609375,22503500,,False
2023-08-08,16991.849609375,16998.150390625,16889.849609375,16949.25,16949.25,23945400,,False
2023-08-09,16966.849609375,17011.94921875,16881.75,17003.849609375,17003.849609375,21148900,,False
2023-08-10,16999.5,17013.44921875,16901.55078125,16939.849609375,16939.849609375,23453800,,False
2023-08-11,16970.05078125,16972.05078125,16845.80078125,16860.150390625,16860.150390625,22768800,,False
2023-08-14,16827.75,16854.099609375,16661.0,16825.55078125,16825.55078125,20268700,,False
2023-08-16,16779.599609375,16867.80078125,16732.75,16853.05078125,16853.05078125,0,,False
2023-08-17,16858.849609375,16869.400390625,16781.599609375,16802.25,16802.25,20478700,,False
2023-08-18,16768.0,16803.25,16722.05078125,16757.69921875,16757.69921875,19005500,,False
2023-08-21,16780.75,16872.55078125,16766.69921875,16852.05078125,16852.05078125,17652800,,False
2023-08-22,16886.94921875,16925.44921875,16874.80078125,16905.25,16905.25,22516400,,False
2023-08-23,16950.900390625,16981.849609375,16912.150390625,16950.25,16950.25,22837200,,False
2023-08-24,17039.25,17074.25,16916.400390625,16930.150390625,16930.150390625,24143400,,False
2023-08-25,16871.0,16905.69921875,16785.25,16820.849609375,16820.849609375,25050200,,False
2023-08-28,16866.400390625,16918.25,16823.400390625,16875.30078125,16875.30078125,24426100,,False
2023-08-29,16933.849609375,16938.80078125,16898.05078125,16927.30078125,16927.30078125,25140300,,False
2023-08-30,17010.150390625,17035.599609375,16959.099609375,16968.94921875,16968.94921875,22475100,,False
2023-08-31,17001.349609375,17011.80078125,16904.69921875,16924.30078125,16924.30078125,38895000,,False
2023-09-01,16940.19921875,17088.099609375,16931.5,17074.55078125,17074.55078125,39465900,,False
2023-09-04,17157.900390625,17191.19921875,17074.55078125,17180.94921875,17180.94921875,4456715100,,False
2023-09-05,17228.19921875,17264.900390625,17180.94921875,17252.099609375,17252.099609375,37702500,,False
2023-09-06,17274.19921875,17298.80078125,17198.75,17284.599609375,17284.599609375,30486500,,False
2023-09-07,17292.349609375,17395.0,17269.099609375,17385.5,17385.5,27654800,,False
2023-09-08,17437.650390625,17519.599609375,17385.5,17487.44921875,17487.44921875,29913900,,False
2023-09-11,17567.19921875,17660.80078125,17550.19921875,17653.349609375,17653.349609375,37172200,,False
2023-09-12,17753.94921875,17754.05078125,17422.05078125,17460.55078125,17460.55078125,44340200,,False
2023-09-13,17458.400390625,17540.849609375,17364.349609375,17526.75,17526.75,34773200,,False
2023-09-14,17593.25,17648.55078125,17546.0,17603.5,17603.5,29508800,,False
2023-09-15,17662.80078125,17691.849609375,17620.900390625,17665.80078125,17665.80078125,41392000,,False
2023-09-18,17666.849609375,17671.599609375,17601.55078125,17613.599609375,17613.599609375,44639200,,False
2023-09-20,17513.19921875,17571.150390625,17419.75,17449.349609375,17449.349609375,30967800,,False
2023-09-21,17409.099609375,17422.75,17273.099609375,17303.5,17303.5,28822700,,False
2023-09-22,17314.400390625,17361.80078125,17226.05078125,17260.80078125,17260.80078125,30348000,,False
2023-09-25,17276.349609375,17308.19921875,17198.19921875,17272.55078125,17272.55078125,23415700,,False
2023-09-26,17284.900390625,17312.349609375,17250.30078125,17276.75,17276.75,23871700,,False
2023-09-27,17270.400390625,17352.099609375,17217.44921875,17341.599609375,17341.599609375,24176400,,False
2023-09-28,17384.05078125,17389.19921875,17147.0,17170.44921875,17170.44921875,29247500,,False
2023-09-29,17227.55078125,17357.150390625,17205.19921875,17292.599609375,17292.599609375,20880800,,False
2023-10-03,17294.5,17295.44921875,17201.69921875,17254.400390625,17254.400390625,24738400,,False
2023-10-04,17195.55078125,17200.69921875,17032.599609375,17123.099609375,17123.099609375,29957400,,False
2023-10-05,17202.25,17234.0,17154.30078125,17195.80078125,17195.80078125,24783900,,False
2023-10-06,17263.349609375,17310.099609375,17237.099609375,17293.599609375,17293.599609375,22409800,,False
2023-10-09,17170.5,17206.849609375,17096.650390625,17127.69921875,17127.69921875,23369400,,False
2023-10-10,17184.55078125,17319.30078125,17184.55078125,17303.349609375,17303.349609375,20047300,,False
2023-10-11,17380.650390625,17447.80078125,17375.5,17407.349609375,17407.349609375,21946300,,False
2023-10-12,17438.30078125,17457.849609375,17402.44921875,17419.69921875,17419.69921875,21367300,,False
2023-10-13,17323.05078125,17436.5,17306.55078125,17390.349609375,17390.349609375,22759700,,False
2023-10-16,17390.349609375,17431.5,17353.150390625,17393.0,17393.0,21609200,,False
2023-10-17,17490.05078125,17494.5,17437.94921875,17467.69921875,17467.69921875,21889100,,False
2023-10-18,17484.349609375,17492.400390625,17332.30078125,17344.0,17344.0,23155700,,False
2023-10-19,17251.19921875,17344.599609375,17202.25,17310.5,17310.5,20476800,,False
2023-10-20,17258.30078125,17295.05078125,17190.599609375,17208.75,17208.75,25928300,,False
2023-10-23,17204.75,17224.80078125,16859.849609375,16888.69921875,16888.69921875,25439800,15926.728999023437,True
2023-10-25,16912.400390625,16967.099609375,16677.150390625,16760.80078125,16760.80078125,24536000,15932.914750976563,True
2023-10-26,16678.69921875,16689.099609375,16466.25,16555.44921875,16555.44921875,25590800,15937.902998046875,True
2023-10-27,16636.05078125,16793.099609375,16634.599609375,16765.44921875,16765.44921875,21446600,15944.765244140624,True
2023-10-30,16784.94921875,16837.80078125,16661.94921875,16826.099609375,16826.099609375,20563300,15951.964741210937,True
2023-10-31,16909.69921875,16910.0,16785.55078125,16801.099609375,16801.099609375,18455500,15959.610239257812,True
2023-11-01,16808.5,16834.099609375,16719.099609375,16732.94921875,16732.94921875,23946000,15966.024487304687,True
2023-11-02,16849.94921875,16903.75,16823.0,16890.80078125,16890.80078125,22356100,15973.852241210938,True
2023-11-03,16990.349609375,17027.44921875,16983.05078125,17000.94921875,17000.94921875,24482900,15982.350239257812,True
2023-11-06,17105.349609375,17168.75,17080.94921875,17159.400390625,17159.400390625,18888700,15991.749243164062,True
2023-11-07,17170.349609375,17200.599609375,17120.75,17187.80078125,17187.80078125,21619300,16000.957749023437,True
2023-11-08,17242.650390625,17269.25,17215.0,17259.69921875,17259.69921875,23112000,16010.728994140625,True
2023-11-09,17284.94921875,17288.599609375,17209.55078125,17218.900390625,17218.900390625,21496900,16019.842744140626,True
2023-11-10,17189.69921875,17274.900390625,17156.849609375,17256.599609375,17256.599609375,16533000,16028.793994140626,True
2023-11-13,17335.0,17339.150390625,17278.650390625,17318.599609375,17318.599609375,22743900,16038.288491210937,True
2023-11-15,17493.30078125,17518.900390625,17448.30078125,17508.05078125,17508.05078125,27787100,16049.089243164062,True
2023-11-16,17518.099609375,17668.650390625,17486.5,17593.099609375,17593.099609375,22354800,16060.038740234375,True
2023-11-17,17537.44921875,17649.05078125,17528.849609375,17600.5,17600.5,29718400,16071.098491210938,True
2023-11-20,17618.55078125,17636.400390625,17556.099609375,17573.650390625,17573.650390625,21843200,16083.1069921875,True
2023-11-21,17644.5,17665.0,17617.19921875,17627.599609375,17627.599609375,20175000,16096.871240234375,True
2023-11-22,17637.44921875,17654.599609375,17533.75,17627.69921875,17627.69921875,18139100,16110.738735351562,True
2023-11-23,17654.150390625,17693.25,17627.349609375,17639.400390625,17639.400390625,16889200,16124.258237304688,True
2023-11-24,17661.30078125,17684.150390625,17631.75,17643.5,17643.5,18055700,16138.237485351563,True
2023-11-28,17701.05078125,17760.0,17665.650390625,17741.80078125,17741.80078125,22613200,16152.749487304687,True
2023-11-29,17831.650390625,17911.349609375,17823.44921875,17904.099609375,17904.099609375,22418200,16167.458237304687,True
2023-11-30,17926.900390625,18007.099609375,17845.900390625,17987.94921875,17987.94921875,46145900,16182.727231445313,True
2023-12-01,18061.80078125,18141.650390625,18053.150390625,18115.349609375,18115.349609375,24790000,16198.792978515625,True
2023-12-04,18422.349609375,18460.0,18315.44921875,18448.5,18448.5,29478500,16215.893979492188,True
2023-12-05,18541.30078125,18594.900390625,18453.650390625,18588.55078125,18588.55078125,28525000,16233.686235351563,True
2023-12-06,18677.25,18698.80078125,18594.400390625,18680.0,18680.0,27288500,16252.006987304687,True
2023-12-07,18696.75,18721.80078125,18619.75,18703.849609375,18703.849609375,32793000,16271.023735351562,True
2023-12-08,18752.25,18785.69921875,18588.150390625,18703.5,18703.5,35541800,16289.696733398438,True
2023-12-11,18726.349609375,18780.44921875,18710.150390625,18770.19921875,18770.19921875,29109900,16308.349477539063,True
2023-12-12,18809.900390625,18819.69921875,18635.349609375,18686.80078125,18686.80078125,33150900,16326.364731445312,True
2023-12-13,18723.69921875,18770.44921875,18601.5,18751.44921875,18751.44921875,29800900,16345.1022265625,True
2023-12-14,18906.400390625,18996.25,18893.75,18973.849609375,18973.849609375,39641300,16365.27822265625,True
2023-12-15,19071.94921875,19165.099609375,19020.55078125,19145.05078125,19145.05078125,40267000,16386.43372558594,True
2023-12-18,19149.150390625,19201.55078125,19073.099609375,19155.55078125,19155.55078125,34119200,16408.70197753906,True
2023-12-19,19212.55078125,19213.55078125,19067.19921875,19169.25,19169.25,29523800,16431.214477539062,True
2023-12-20,19264.400390625,19303.599609375,18727.099609375,18779.44921875,18779.44921875,38696000,16451.95947265625,True
2023-12-21,18647.849609375,18965.80078125,18582.94921875,18941.80078125,18941.80078125,30612700,16473.92497558594,True
2023-12-22,19011.25,19089.94921875,18934.75,19054.69921875,19054.69921875,26069600,16496.604721679687,True
2023-12-26,19095.0,19173.80078125,19059.400390625,19148.849609375,19148.849609375,22132200,16519.02472167969,True
2023-12-27,19219.400390625,19312.30078125,19189.80078125,19296.94921875,19296.94921875,20854200,16542.57321777344,True
2023-12-28,19358.349609375,19414.55078125,19313.099609375,19399.25,19399.25,32391400,16565.695717773437,True
2023-12-29,19394.5,19450.099609375,19338.349609375,19429.150390625,19429.150390625,42430900,16588.436469726563,True
2024-01-02,19496.80078125,19499.80078125,19271.650390625,19418.400390625,19418.400390625,40598500,16610.918720703125,True
2024-01-03,19434.30078125,19442.19921875,19343.150390625,19367.150390625,19367.150390625,36356200,16633.734721679688,True
2024-01-04,19451.80078125,19560.400390625,19433.5,19541.25,19541.25,32459600,16658.041723632814,True
2024-01-05,19602.099609375,19637.099609375,19490.94921875,19590.599609375,19590.599609375,40342900,16683.722470703124,True
2024-01-08,19636.0,19641.849609375,19400.599609375,19417.69921875,19417.69921875,35203500,16709.01821777344,True
2024-01-09,19549.5,19596.05078125,19439.099609375,19459.55078125,19459.55078125,37052500,16734.71447265625,True
2024-01-10,19463.55078125,19532.30078125,19354.099609375,19517.849609375,19517.849609375,36103400,16760.65197265625,True
2024-01-11,19589.75,19626.5,19532.30078125,19584.349609375,19584.349609375,33718400,16786.46947265625,True
2024-01-12,19691.25,19775.900390625,19635.75,19745.599609375,19745.599609375,31008900,16813.61197265625,True
2024-01-15,19876.5,19896.900390625,19763.80078125,19885.55078125,19885.55078125,35121900,16840.98322753906,True
2024-01-16,19894.30078125,19923.30078125,19736.19921875,19827.55078125,19827.55078125,41454800,16867.82098144531,True
2024-01-17,19556.400390625,19707.69921875,19470.05078125,19487.599609375,19487.599609375,41490700,16893.240981445313,True
2024-01-18,19388.400390625,19468.650390625,19143.5,19414.80078125,19414.80078125,37178000,16918.919985351564,True
2024-01-19,19555.94921875,19618.94921875,19537.150390625,19606.400390625,19606.400390625,37538800,16945.638486328124,True
2024-01-23,19743.5,19752.349609375,19158.75,19206.44921875,19206.44921875,44759000,16970.611733398437,True
2024-01-24,19193.150390625,19470.650390625,19080.5,19451.0,19451.0,41769400,16996.138735351564,True
2024-01-25,19479.650390625,19480.05078125,19289.80078125,19393.0,19393.0,38563500,17020.314487304688,True
2024-01-29,19475.400390625,19728.900390625,19470.05078125,19711.650390625,19711.650390625,41540400,17045.86298828125,True
2024-01-30,19770.25,19799.25,19558.80078125,19574.19921875,19574.19921875,39664800,17070.186982421874,True
2024-01-31,19574.150390625,19813.30078125,19546.400390625,19802.099609375,19802.099609375,35992100,17095.401479492186,True
2024-02-01,19869.94921875,19871.25,19703.75,19777.349609375,19777.349609375,42128500,17120.335478515626,True
2024-02-02,19884.650390625,20101.150390625,19874.80078125,19910.80078125,19910.80078125,49946000,17145.553232421877,True
2024-02-05,19989.650390625,20044.0,19805.75,19853.5,19853.5,51778800,17170.112983398438,True
2024-02-06,19923.19921875,20044.44921875,19824.849609375,20033.75,20033.75,45963000,17195.510483398437,True
2024-02-07,20157.19921875,20169.900390625,20011.44921875,20109.55078125,20109.55078125,58018300,17221.53673828125,True
2024-02-08,20207.55078125,20209.05078125,19949.349609375,19987.55078125,19987.55078125,55978000,17246.9894921875,True
2024-02-09,20015.0,20040.650390625,19745.44921875,19961.5,19961.5,54127000,17272.512490234374,True
2024-02-12,19999.94921875,20015.0,19634.599609375,19675.19921875,19675.19921875,40401200,17296.579736328124,True
2024-02-13,19709.80078125,19796.05078125,19508.75,19782.900390625,19782.900390625,39268800,17321.258740234374,True
2024-02-14,19618.099609375,19943.75,19579.19921875,19922.30078125,19922.30078125,34524400,17346.2194921875,True
2024-02-15,20011.69921875,20065.75,19952.0,20037.0,20037.0,35406900,17371.625991210938,True
2024-02-16,20136.849609375,20191.44921875,20098.099609375,20164.900390625,20164.900390625,31059200,17397.47849121094,True
2024-02-20,20242.650390625,20285.80078125,20190.69921875,20271.900390625,20271.900390625,26832800,17423.462744140626,True
2024-02-21,20329.099609375,20342.30078125,20077.80078125,20128.30078125,20128.30078125,31364400,17448.00649902344,True
2024-02-22,20179.25,20308.900390625,20004.099609375,20283.94921875,20283.94921875,31743900,17472.92249511719,True
2024-02-23,20358.69921875,20365.650390625,20280.150390625,20313.5,20313.5,39835600,17498.107993164063,True
2024-02-26,20299.5,20335.75,20210.349609375,20255.80078125,20255.80078125,28150900,17522.359497070312,True
2024-02-27,20249.25,20329.099609375,20234.94921875,20292.849609375,20292.849609375,28512700,17547.430747070313,True
2024-02-28,20323.5,20335.650390625,19987.349609375,20020.400390625,20020.400390625,38512900,17570.397250976563,True
2024-02-29,20009.25,20160.05078125,19901.30078125,20090.05078125,20090.05078125,48948700,17593.744506835938,True
2024-03-01,20171.900390625,20360.19921875,20171.0,20349.80078125,20349.80078125,28202800,17618.16326171875,True
2024-03-04,20456.75,20482.599609375,20383.150390625,20432.05078125,20432.05078125,25412600,17642.903266601563,True
2024-03-05,20422.30078125,20440.400390625,20328.0,20382.0,20382.0,27107000,17667.426518554686,True
2024-03-06,20368.75,20396.75,20139.349609375,20379.55078125,20379.55078125,35547900,17691.575771484375,True
2024-03-07,20413.650390625,20471.349609375,20384.5,20434.80078125,20434.80078125,24346300,17716.2877734375,True
2024-03-11,20478.75,20483.25,20264.30078125,20288.75,20288.75,22816800,17740.599775390627,True
2024-03-12,20299.80078125,20326.25,20135.30078125,20171.400390625,20171.400390625,24347400,17764.648779296876,True
2024-03-13,20236.80078125,20247.900390625,19549.5,19646.30078125,19646.30078125,41486300,17785.842534179686,True
2024-03-14,19598.400390625,19933.900390625,19514.69921875,19916.349609375,19916.349609375,38249400,17807.904282226562,True
2024-03-15,19867.75,19942.400390625,19671.150390625,19825.19921875,19825.19921875,41574600,17829.306528320314,True
2024-03-18,19804.30078125,19894.44921875,19709.19921875,19843.099609375,19843.099609375,22428300,17850.942275390626,True
2024-03-19,19785.80078125,19798.94921875,19594.099609375,19610.55078125,19610.55078125,21287100,17871.218779296876,True
2024-03-20,19651.69921875,19697.44921875,19465.849609375,19632.05078125,19632.05078125,21521000,17890.895283203125,True
2024-03-21,19790.849609375,19916.44921875,19790.849609375,19897.400390625,19897.400390625,22056500,17911.520537109376,True
2024-03-22,19855.0,20048.599609375,19806.69921875,19994.599609375,19994.599609375,26015800,17932.496284179688,True
2024-03-26,19895.55078125,20044.5,19895.30078125,20005.25,20005.25,23428500,17953.690532226563,True
2024-03-27,20063.0,20174.400390625,20063.0,20087.80078125,20087.80078125,28219300,17975.32778808594,True
2024-03-28,20150.349609375,20380.5,20146.150390625,20255.150390625,20255.150390625,26471400,17997.5475390625,True
2024-04-01,20392.25,20504.5,20387.05078125,20492.55078125,20492.55078125,24756300,18020.71279296875,True
2024-04-02,20524.150390625,20579.25,20481.849609375,20569.75,20569.75,28128700,18044.169541015624,True
2024-04-03,20528.19921875,20657.900390625,20496.55078125,20605.69921875,20605.69921875,30258700,18067.164536132812,True
2024-04-04,20755.349609375,20772.400390625,20537.5,20664.650390625,20664.650390625,33121800,18090.8825390625,True
2024-04-05,20654.75,20730.150390625,20609.900390625,20715.099609375,20715.099609375,28297700,18115.07103515625,True
2024-04-08,20806.849609375,20866.099609375,20768.5,20819.099609375,20819.099609375,27481500,18139.52103515625,True
2024-04-09,20912.75,20912.75,20741.5,20790.69921875,20790.69921875,22792400,18163.23353027344,True
2024-04-10,20864.55078125,20933.849609375,20822.849609375,20915.19921875,20915.19921875,25719500,18187.38927734375,True
2024-04-12,20873.19921875,20931.400390625,20735.150390625,20745.5,20745.5,32597400,18210.82552734375,True
2024-04-15,20493.30078125,20623.80078125,20362.30078125,20478.75,20478.75,31952800,18232.312026367188,True
2024-04-16,20361.25,20495.19921875,20326.25,20423.0,20423.0,31141100,18253.716274414062,True
2024-04-18,20515.150390625,20617.099609375,20291.150390625,20324.69921875,20324.69921875,29636300,18274.34001953125,True
2024-04-19,20178.25,20428.400390625,20038.349609375,20385.19921875,20385.19921875,27183000,18295.061264648437,True
2024-04-22,20566.19921875,20604.099609375,20468.099609375,20574.849609375,20574.849609375,36990800,18317.231513671875,True
2024-04-23,20687.900390625,20689.75,20621.55078125,20652.650390625,20652.650390625,48926300,18340.435766601564,True
2024-04-24,20723.19921875,20772.55078125,20710.19921875,20730.650390625,20730.650390625,36984300,18363.758266601562,True
2024-04-25,20690.849609375,20894.0,20686.69921875,20867.900390625,20867.900390625,107777900,18387.28026855469,True
2024-04-26,20926.400390625,20941.099609375,20814.5,20839.349609375,20839.349609375,66099300,18410.091015625,True
2024-04-29,20911.099609375,21002.099609375,20847.849609375,20992.19921875,20992.19921875,41065400,18432.90201171875,True
2024-04-30,21052.349609375,21146.5,20971.849609375,20997.19921875,20997.19921875,36823500,18455.24826171875,True
2024-05-02,21010.44921875,21126.099609375,21009.349609375,21083.599609375,21083.599609375,32855900,18477.886005859375,True
2024-05-03,21193.44921875,21208.69921875,20830.650390625,20959.55078125,20959.55078125,40630500,18499.697763671877,True
2024-05-06,21044.099609375,21048.94921875,20805.05078125,20864.94921875,20864.94921875,30888200,18520.547255859376,True
2024-05-07,20911.349609375,20914.900390625,20548.80078125,20636.05078125,20636.05078125,37453900,18540.9030078125,True
2024-05-08,20586.80078125,20768.75,20516.25,20704.900390625,20704.900390625,27005200,18561.658759765625,True
2024-05-09,20681.099609375,20736.25,20318.900390625,20344.80078125,20344.80078125,26295900,18580.142763671876,True
2024-05-10,20398.0,20482.05078125,20299.099609375,20469.099609375,20469.099609375,22511100,18599.2830078125,True
2024-05-13,20471.650390625,20540.25,20184.099609375,20511.0,20511.0,24038600,18618.718505859375,True
2024-05-14,20544.349609375,20709.75,20508.0,20683.80078125,20683.80078125,26136600,18638.310263671876,True
2024-05-15,20744.5,20811.25,20681.900390625,20741.849609375,20741.849609375,21688100,18657.6592578125,True
2024-05-16,20846.849609375,20950.55078125,20667.80078125,20929.05078125,20929.05078125,24680000,18677.94451171875,True
2024-05-17,20967.400390625,21078.650390625,20934.44921875,21064.55078125,21064.55078125,26742600,18698.499765625,True
2024-05-21,21114.650390625,21224.69921875,21068.849609375,21187.650390625,21187.650390625,35418000,18719.225263671877,True
2024-05-22,21255.19921875,21261.75,21103.19921875,21237.75,21237.75,29683000,18740.892509765625,True
2024-05-23,21280.05078125,21505.25,21249.150390625,21489.55078125,21489.55078125,34296400,18764.01451171875,True
2024-05-24,21483.0,21567.44921875,21444.94921875,21483.75,21483.75,52358500,18786.948759765626,True
2024-05-27,21573.80078125,21613.599609375,21439.150390625,21493.0,21493.0,35971800,18809.538759765626,True
2024-05-28,21542.5,21558.150390625,21345.349609375,21387.349609375,21387.349609375,28460800,18831.87951171875,True
2024-05-29,21288.349609375,21356.150390625,21243.19921875,21256.30078125,21256.30078125,25281000,18853.419267578123,True
2024-05-30,21201.80078125,21262.849609375,20983.94921875,21038.55078125,21038.55078125,35289300,18873.317021484374,True
2024-05-31,21129.349609375,21177.25,21003.0,21103.30078125,21103.30078125,64228200,18893.5777734375,True
2024-06-03,21926.599609375,21926.599609375,21629.30078125,21797.400390625,21797.400390625,52059200,18918.270029296877,True
2024-06-04,21753.349609375,21753.349609375,19624.25,20323.849609375,20323.849609375,92929300,18936.0277734375,True
2024-06-05,20570.75,21092.150390625,20116.599609375,21054.400390625,21054.400390625,55213500,18956.84677734375,True
2024-06-06,21253.69921875,21462.80078125,21193.19921875,21365.0,21365.0,38366900,18978.890029296876,True
2024-06-07,21390.19921875,21781.349609375,21333.5,21764.150390625,21764.150390625,37282200,19002.96453125,True
2024-06-10,21844.30078125,21930.5,21758.30078125,21808.25,21808.25,37085600,19026.986533203126,True
2024-06-11,21856.349609375,21961.44921875,21782.349609375,21852.0,21852.0,44745100,19051.54728515625,True
2024-06-12,21935.19921875,22023.900390625,21904.69921875,21960.94921875,21960.94921875,35472600,19077.051279296877,True
2024-06-13,22120.75,22120.80078125,21992.150390625,22074.30078125,22074.30078125,31190000,19103.295029296874,True
2024-06-14,22148.25,22229.400390625,22054.150390625,22214.30078125,22214.30078125,34231400,19130.101279296876,True
2024-06-18,22323.55078125,22338.150390625,22253.349609375,22329.599609375,22329.599609375,32391200,19157.73802734375,True
2024-06-19,22406.30078125,22406.30078125,22127.25,22224.900390625,22224.900390625,52210600,19185.074033203124,True
2024-06-20,22293.55078125,22333.599609375,22182.19921875,22305.099609375,22305.099609375,34702700,19212.33927734375,True
2024-06-21,22392.599609375,22393.30078125,22186.19921875,22236.19921875,22236.19921875,48207200,19238.9940234375,True
2024-06-24,22150.650390625,22309.099609375,22073.650390625,22289.099609375,22289.099609375,32202800,19265.688271484374,True
2024-06-25,22349.75,22391.75,22287.099609375,22370.650390625,22370.650390625,26474200,19292.890771484374,True
2024-06-26,22379.5,22464.849609375,22309.5,22436.80078125,22436.80078125,38300800,19320.97052734375,True
2024-06-27,22459.900390625,22571.650390625,22395.900390625,22537.400390625,22537.400390625,42989900,19349.281025390625,True
2024-06-28,22592.25,22673.650390625,22537.69921875,22559.69921875,22559.69921875,43007900,19377.443017578124,True
2024-07-01,22580.400390625,22739.69921875,22570.400390625,22727.599609375,22727.599609375,0,19406.23626953125,True
2024-07-02,22806.30078125,22810.650390625,22592.19921875,22677.80078125,22677.80078125,0,19435.00376953125,True
2024-07-03,22820.55078125,22871.650390625,22764.099609375,22851.19921875,22851.19921875,0,19463.88701171875,True
2024-07-04,22937.599609375,22962.80078125,22866.69921875,22914.19921875,22914.19921875,30704400,19492.55326171875,True
2024-07-05,22878.5,23011.80078125,22838.19921875,22987.650390625,22987.650390625,41259000,19521.231015625,True
2024-07-08,23029.349609375,23040.75,22897.94921875,22971.150390625,22971.150390625,37034300,19549.66376953125,True
2024-07-09,23035.05078125,23082.349609375,22974.94921875,23067.349609375,23067.349609375,32561800,19578.073017578125,True
2024-07-10,23124.150390625,23125.30078125,22685.650390625,22977.650390625,22977.650390625,32958800,19605.5240234375,True
2024-07-11,23059.94921875,23063.099609375,22904.30078125,23005.25,23005.25,33766300,19632.283525390623,True
2024-07-12,23086.25,23189.400390625,23021.400390625,23095.44921875,23095.44921875,35369700,19660.458017578127,True
2024-07-15,23188.80078125,23234.30078125,23081.30078125,23209.849609375,23209.849609375,34314300,19688.873515625,True
2024-07-16,23258.19921875,23288.05078125,23181.349609375,23204.25,23204.25,34335200,19716.877265625,True
2024-07-18,23167.650390625,23233.849609375,22993.55078125,23210.05078125,23210.05078125,35622300,19744.598515625,True
2024-07-19,23232.5,23232.5,22833.0,22853.599609375,22853.599609375,30218600,19770.798515625,True
2024-07-22,22761.5,23001.05078125,22667.75,22942.650390625,22942.650390625,29609000,19798.26501953125,True
2024-07-23,23022.80078125,23031.94921875,22307.19921875,22865.19921875,22865.19921875,45631600,19826.073515625,True
2024-07-24,22856.849609375,22965.44921875,22816.75,22921.44921875,22921.44921875,31512400,19854.3767578125,True
2024-07-25,22753.19921875,22938.650390625,22732.19921875,22917.25,22917.25,34439400,19882.60025390625,True
2024-07-26,22970.400390625,23306.75,22965.5,23292.05078125,23292.05078125,34525200,19912.6767578125,True
2024-07-29,23423.150390625,23496.400390625,23326.05078125,23394.19921875,23394.19921875,36107300,19942.939755859374,True
2024-07-30,23421.19921875,23530.0,23381.349609375,23440.900390625,23440.900390625,29987100,19974.29201171875,True
2024-07-31,23495.849609375,23556.0,23459.599609375,23530.80078125,23530.80078125,32149100,20005.483017578124,True
2024-08-01,23608.849609375,23637.75,23429.55078125,23506.599609375,23506.599609375,29214900,20036.744013671876,True
2024-08-02,23296.099609375,23395.099609375,23225.650390625,23259.44921875,23259.44921875,30923600,20067.42576171875,True
2024-08-05,22772.55078125,22868.349609375,22397.69921875,22542.44921875,22542.44921875,40193400,20094.15900390625,True
2024-08-06,22696.94921875,22910.75,22406.05078125,22443.30078125,22443.30078125,27000600,20119.907509765624,True
2024-08-07,22773.44921875,22870.849609375,22650.80078125,22848.900390625,22848.900390625,24591600,20148.513515625,True
2024-08-08,22842.0,22905.599609375,22676.0,22705.69921875,22705.69921875,24382600,20175.525263671876,True
2024-08-09,22948.150390625,22982.44921875,22869.400390625,22923.5,22923.5,21118900,20203.106015625,True
2024-08-12,22862.900390625,22993.25,22753.75,22915.849609375,22915.849609375,25324300,20230.586767578126,True
2024-08-13,22952.69921875,22962.75,22684.44921875,22705.80078125,22705.80078125,27582500,20257.1640234375,True
2024-08-14,22765.650390625,22778.94921875,22599.94921875,22672.650390625,22672.650390625,23576200,20283.562275390625,True
2024-08-16,22846.099609375,23071.75,22750.30078125,23056.5,23056.5,20454900,20311.506279296875,True
2024-08-19,23174.19921875,23195.599609375,23104.099609375,23139.75,23139.75,21337100,20340.485029296877,True
2024-08-20,23223.599609375,23292.69921875,23175.400390625,23280.349609375,23280.349609375,21727000,20370.33427734375,True
2024-08-21,23283.75,23383.19921875,23256.25,23368.650390625,23368.650390625,22340700,20401.133779296873,True
2024-08-22,23467.150390625,23474.849609375,23408.94921875,23440.69921875,23440.69921875,21863200,20433.893779296875,True
2024-08-23,23485.30078125,23496.849609375,23401.0,23418.650390625,23418.650390625,23411800,20467.18302734375,True
2024-08-26,23514.30078125,23579.75,23466.75,23561.75,23561.75,19994300,20502.21453125,True
2024-08-27,23592.0,23633.19921875,23555.55078125,23604.849609375,23604.849609375,22130300,20536.411533203125,True
2024-08-28,23646.80078125,23679.349609375,23547.25,23615.94921875,23615.94921875,24488600,20570.36078125,True
2024-08-29,23618.25,23664.349609375,23494.44921875,23631.400390625,23631.400390625,29804300,20604.51228515625,True
2024-08-30,23728.55078125,23766.400390625,23673.94921875,23734.55078125,23734.55078125,70150200,20639.52029296875,True
