Date,open,high,low,close,volume,circuit_hit_90d,circuit_freq_90d,sma_100,sma_100_above
2021-12-23 00:00:00+05:30,1040.0,1143.9,1040.0,1121.15,18407607,False,0,,False
2021-12-24 00:00:00+05:30,1107.0,1124.6,1026.2,1076.05,4055492,False,0,,False
2021-12-27 00:00:00+05:30,1050.0,1067.9,1025.3,1037.25,622621,False,0,,False
2021-12-28 00:00:00+05:30,1040.0,1047.5,997.0,1002.65,556747,False,0,,False
2021-12-29 00:00:00+05:30,1000.0,1100.0,995.1,1075.95,1378582,False,0,,False
2021-12-30 00:00:00+05:30,1062.0,1080.0,1021.0,1030.85,498282,False,0,,False
2021-12-31 00:00:00+05:30,1050.0,1060.45,1027.0,1037.35,284128,False,0,,False
2022-01-03 00:00:00+05:30,1039.0,1072.0,1037.35,1044.45,215491,False,0,,False
2022-01-04 00:00:00+05:30,1053.0,1059.9,1025.0,1039.95,213176,False,0,,False
2022-01-05 00:00:00+05:30,1040.5,1052.4,1021.75,1032.15,313959,False,0,,False
2022-01-06 00:00:00+05:30,1032.0,1050.0,1008.1,1017.3,146411,False,0,,False
2022-01-07 00:00:00+05:30,1025.0,1035.0,1008.1,1015.6,428591,False,0,,False
2022-01-10 00:00:00+05:30,1025.4,1085.0,1007.0,1076.7,567239,False,0,,False
2022-01-11 00:00:00+05:30,1055.0,1078.0,1050.0,1060.35,128228,False,0,,False
2022-01-12 00:00:00+05:30,1067.0,1146.95,1054.85,1113.85,730700,False,0,,False
2022-01-13 00:00:00+05:30,1128.95,1135.4,1086.0,1095.8,225465,False,0,,False
2022-01-14 00:00:00+05:30,1098.95,1173.3,1080.2,1132.35,566519,False,0,,False
2022-01-17 00:00:00+05:30,1140.0,1222.2,1131.2,1195.4,583847,False,0,,False
2022-01-18 00:00:00+05:30,1200.0,1233.9,1170.0,1186.1,366809,False,0,,False
2022-01-19 00:00:00+05:30,1181.0,1262.0,1161.6,1252.5,726246,False,0,,False
2022-01-20 00:00:00+05:30,1260.0,1343.0,1260.0,1290.0,734732,False,0,,False
2022-01-21 00:00:00+05:30,1290.0,1325.0,1198.25,1225.65,416887,False,0,,False
2022-01-24 00:00:00+05:30,1225.9,1264.9,1131.2,1233.0,563290,False,0,,False
2022-01-25 00:00:00+05:30,1215.0,1267.0,1172.65,1203.5,261620,False,0,,False
2022-01-27 00:00:00+05:30,1174.0,1184.15,1145.0,1160.65,171606,False,0,,False
2022-01-28 00:00:00+05:30,1171.0,1194.95,1081.0,1099.95,251084,False,0,,False
2022-01-31 00:00:00+05:30,1095.0,1110.0,1057.25,1085.65,578066,False,0,,False
2022-02-01 00:00:00+05:30,1097.0,1110.9,1074.3,1084.65,165684,False,0,,False
2022-02-02 00:00:00+05:30,1091.9,1133.85,1081.15,1110.55,371234,False,0,,False
2022-02-03 00:00:00+05:30,1114.9,1150.0,1105.05,1139.05,216840,False,0,,False
2022-02-04 00:00:00+05:30,1145.0,1194.25,1130.0,1182.85,326620,False,0,,False
2022-02-07 00:00:00+05:30,1180.0,1189.95,1136.5,1153.95,74940,False,0,,False
2022-02-08 00:00:00+05:30,1150.0,1165.0,1103.55,1124.65,117714,False,0,,False
2022-02-09 00:00:00+05:30,1136.0,1196.0,1132.95,1188.25,170311,False,0,,False
2022-02-10 00:00:00+05:30,1197.75,1223.9,1175.0,1189.35,126519,False,0,,False
2022-02-11 00:00:00+05:30,1180.15,1203.25,1135.0,1148.55,134810,False,0,,False
2022-02-14 00:00:00+05:30,1125.0,1129.65,1060.2,1074.0,106853,False,0,,False
2022-02-15 00:00:00+05:30,1026.0,1086.2,1026.0,1060.2,181902,False,0,,False
2022-02-16 00:00:00+05:30,1075.0,1140.0,1070.0,1132.65,135666,False,0,,False
2022-02-17 00:00:00+05:30,1132.65,1138.85,1050.0,1057.6,182578,False,0,,False
2022-02-18 00:00:00+05:30,1060.0,1068.85,1020.0,1025.6,133446,False,0,,False
2022-02-21 00:00:00+05:30,1006.0,1025.0,980.0,988.5,140486,False,0,,False
2022-02-22 00:00:00+05:30,975.0,979.45,930.05,952.1,500950,False,0,,False
2022-02-23 00:00:00+05:30,967.4,1000.0,960.0,988.65,164294,False,0,,False
2022-02-24 00:00:00+05:30,937.0,978.7,921.0,967.4,380963,False,0,,False
2022-02-25 00:00:00+05:30,967.0,1007.95,954.05,1000.4,190163,False,0,,False
2022-02-28 00:00:00+05:30,980.0,1049.95,961.05,1029.45,374815,False,0,,False
2022-03-02 00:00:00+05:30,1029.45,1105.05,983.1,1088.9,327979,False,0,,False
2022-03-03 00:00:00+05:30,1090.5,1132.0,1035.0,1045.25,140688,False,0,,False
2022-03-04 00:00:00+05:30,1030.0,1055.25,982.0,993.0,167772,False,0,,False
2022-03-07 00:00:00+05:30,975.0,984.0,920.0,926.45,125125,False,0,,False
2022-03-08 00:00:00+05:30,938.0,979.95,933.75,950.15,223143,False,0,,False
2022-03-09 00:00:00+05:30,958.65,1000.0,950.45,975.2,118129,False,0,,False
2022-03-10 00:00:00+05:30,999.65,1019.0,997.65,1002.3,82256,False,0,,False
2022-03-11 00:00:00+05:30,1000.0,1029.0,980.05,1005.6,75150,False,0,,False
2022-03-14 00:00:00+05:30,1015.15,1036.9,997.85,1007.85,101521,False,0,,False
2022-03-15 00:00:00+05:30,1021.7,1021.7,988.55,994.05,58635,False,0,,False
2022-03-16 00:00:00+05:30,1008.9,1020.0,996.75,999.45,47771,False,0,,False
2022-03-17 00:00:00+05:30,1015.0,1018.85,985.0,998.3,167762,False,0,,False
2022-03-21 00:00:00+05:30,1003.4,1009.65,986.2,998.85,77502,False,0,,False
2022-03-22 00:00:00+05:30,998.7,998.7,963.0,979.95,86510,False,0,,False
2022-03-23 00:00:00+05:30,993.0,994.1,957.0,968.1,136125,False,0,,False
2022-03-24 00:00:00+05:30,969.0,979.0,954.7,969.1,56943,False,0,,False
2022-03-25 00:00:00+05:30,971.0,981.0,952.05,957.4,42411,False,0,,False
2022-03-28 00:00:00+05:30,963.0,994.0,945.0,971.0,75176,False,0,,False
2022-03-29 00:00:00+05:30,984.0,1015.6,970.25,1007.4,218639,False,0,,False
2022-03-30 00:00:00+05:30,1007.6,1015.25,995.0,1011.2,87627,False,0,,False
2022-03-31 00:00:00+05:30,1010.0,1021.95,995.3,1014.5,194752,False,0,,False
2022-04-01 00:00:00+05:30,1001.15,1029.5,998.0,1017.4,46621,False,0,,False
2022-04-04 00:00:00+05:30,1017.4,1029.95,1005.1,1016.65,69906,False,0,,False
2022-04-05 00:00:00+05:30,1017.0,1019.95,991.15,997.65,243706,False,0,,False
2022-04-06 00:00:00+05:30,997.35,1010.0,990.95,997.75,33361,False,0,,False
2022-04-07 00:00:00+05:30,1004.9,1007.1,990.1,994.65,33137,False,0,,False
2022-04-08 00:00:00+05:30,995.0,1032.0,984.05,1011.0,110819,False,0,,False
2022-04-11 00:00:00+05:30,1015.0,1049.0,1015.0,1028.1,137168,False,0,,False
2022-04-12 00:00:00+05:30,1027.8,1027.8,986.0,989.9,67343,False,0,,False
2022-04-13 00:00:00+05:30,995.0,1004.75,986.85,988.9,29917,False,0,,False
2022-04-18 00:00:00+05:30,988.0,988.65,962.0,977.35,64414,False,0,,False
2022-04-19 00:00:00+05:30,988.7,999.9,976.95,979.0,32234,False,0,,False
2022-04-20 00:00:00+05:30,988.0,1000.0,978.0,996.45,127861,False,0,,False
2022-04-21 00:00:00+05:30,999.0,1004.0,992.0,996.65,29347,False,0,,False
2022-04-22 00:00:00+05:30,978.0,1000.0,978.0,996.05,110368,False,0,,False
2022-04-25 00:00:00+05:30,995.8,1029.6,978.0,993.15,82635,False,0,,False
2022-04-26 00:00:00+05:30,1002.0,1004.85,983.1,988.15,164122,False,0,,False
2022-04-27 00:00:00+05:30,985.0,1007.0,977.85,979.0,165075,False,0,,False
2022-04-28 00:00:00+05:30,983.0,999.9,971.35,978.0,102741,False,0,,False
2022-04-29 00:00:00+05:30,988.75,1019.35,976.0,994.9,184311,False,0,,False
2022-05-02 00:00:00+05:30,988.0,994.7,973.25,976.4,27642,False,0,,False
2022-05-04 00:00:00+05:30,984.0,995.0,976.0,984.4,226428,False,0,,False
2022-05-05 00:00:00+05:30,994.85,994.85,921.05,943.45,178969,False,0,,False
2022-05-06 00:00:00+05:30,940.0,949.45,908.1,919.4,106802,False,0,,False
2022-05-09 00:00:00+05:30,919.4,919.4,841.35,882.7,94536,False,0,,False
2022-05-10 00:00:00+05:30,870.15,891.85,825.0,833.9,316525,False,0,,False
2022-05-11 00:00:00+05:30,835.05,864.55,779.45,814.25,327852,False,0,,False
2022-05-12 00:00:00+05:30,800.0,834.0,790.0,796.4,74632,False,0,,False
2022-05-13 00:00:00+05:30,819.95,850.0,818.3,829.4,237448,False,0,,False
2022-05-16 00:00:00+05:30,829.0,873.75,827.15,858.9,153281,False,0,,False
2022-05-17 00:00:00+05:30,868.5,870.0,847.55,868.75,108988,False,0,,False
2022-05-18 00:00:00+05:30,884.2,920.8,871.2,912.7,154978,False,0,,False
2022-05-19 00:00:00+05:30,890.0,902.8,878.15,885.05,57579,False,0,1028.3095,False
2022-05-20 00:00:00+05:30,887.45,921.0,885.05,915.75,83487,False,0,1026.2555,False
2022-05-23 00:00:00+05:30,920.0,928.0,901.35,919.7,98518,False,0,1024.692,False
2022-05-24 00:00:00+05:30,927.0,944.5,910.05,923.25,69557,False,0,1023.552,False
2022-05-25 00:00:00+05:30,933.0,945.0,878.05,892.55,76545,False,0,1022.4509999999999,False
2022-05-26 00:00:00+05:30,904.8,919.95,887.6,914.65,145727,False,0,1020.8380000000001,False
2022-05-27 00:00:00+05:30,919.9,920.9,874.95,880.8,55129,False,0,1019.3375,False
2022-05-30 00:00:00+05:30,885.6,896.0,846.5,865.4,103663,False,0,1017.618,False
2022-05-31 00:00:00+05:30,874.4,892.0,845.45,864.25,790569,False,0,1015.816,False
2022-06-01 00:00:00+05:30,870.0,880.0,852.75,876.95,74221,False,0,1014.186,False
2022-06-02 00:00:00+05:30,876.95,880.0,856.15,878.15,57496,False,0,1012.646,False
2022-06-03 00:00:00+05:30,884.0,910.5,871.05,875.25,57782,False,0,1011.2254999999999,False
2022-06-06 00:00:00+05:30,874.95,874.95,845.0,846.3,31197,False,0,1009.5325,False
2022-06-07 00:00:00+05:30,845.85,845.85,827.0,828.55,20065,False,0,1007.051,False
2022-06-08 00:00:00+05:30,830.0,830.0,790.5,801.2,248853,False,0,1004.4594999999999,False
2022-06-09 00:00:00+05:30,790.15,804.55,766.0,771.3,140471,False,0,1001.034,False
2022-06-10 00:00:00+05:30,765.0,765.0,736.3,753.2,150491,False,0,997.6080000000001,False
2022-06-13 00:00:00+05:30,749.9,757.0,736.2,745.2,114720,False,0,993.7365,False
2022-06-14 00:00:00+05:30,738.0,749.85,708.0,712.4,44771,False,0,988.9065,False
2022-06-15 00:00:00+05:30,715.0,748.9,708.05,743.35,73936,False,0,984.4789999999999,False
2022-06-16 00:00:00+05:30,754.5,754.5,713.9,738.0,62613,False,0,979.334,False
2022-06-17 00:00:00+05:30,739.0,751.3,725.0,749.5,52302,False,0,973.929,False
2022-06-20 00:00:00+05:30,735.05,752.55,730.3,744.55,28334,False,0,969.118,False
2022-06-21 00:00:00+05:30,763.0,763.0,741.25,745.0,42623,False,0,964.238,False
2022-06-22 00:00:00+05:30,754.0,754.0,717.35,720.85,20375,False,0,959.4115,False
2022-06-23 00:00:00+05:30,720.1,750.0,715.55,745.1,35318,False,0,955.2559999999999,False
2022-06-24 00:00:00+05:30,749.9,758.95,737.9,749.05,29717,False,0,951.747,False
2022-06-27 00:00:00+05:30,765.65,765.65,744.0,748.1,22667,False,0,948.3715000000001,False
2022-06-28 00:00:00+05:30,742.75,802.1,742.75,764.45,238916,False,0,945.1695,False
2022-06-29 00:00:00+05:30,771.9,774.0,741.9,757.15,54288,False,0,941.6354999999999,False
2022-06-30 00:00:00+05:30,757.15,774.05,754.1,767.3,20903,False,0,937.918,False
2022-07-01 00:00:00+05:30,770.0,770.0,750.0,751.8,10669,False,0,933.6075,False
2022-07-04 00:00:00+05:30,765.0,774.0,746.4,756.7,56555,False,0,929.635,False
2022-07-05 00:00:00+05:30,759.9,771.9,753.0,760.6,51653,False,0,925.9945,False
2022-07-06 00:00:00+05:30,755.9,771.0,755.9,760.85,44771,False,0,921.7204999999999,False
2022-07-07 00:00:00+05:30,768.45,775.0,760.6,767.4,69289,False,0,917.5010000000001,False
2022-07-08 00:00:00+05:30,769.55,771.75,749.0,756.0,106882,False,0,913.5755,False
2022-07-11 00:00:00+05:30,763.55,769.95,756.05,763.1,44325,False,0,910.4665,False
2022-07-12 00:00:00+05:30,763.1,773.0,755.5,767.55,69756,False,0,907.54,False
2022-07-13 00:00:00+05:30,770.0,771.6,750.05,751.75,24159,False,0,903.7309999999999,False
2022-07-14 00:00:00+05:30,758.6,758.85,745.25,751.1,46291,False,0,900.666,False
2022-07-15 00:00:00+05:30,753.15,772.0,745.75,757.2,60404,False,0,897.982,False
2022-07-18 00:00:00+05:30,760.0,778.75,751.25,756.9,127007,False,0,895.6659999999999,False
2022-07-19 00:00:00+05:30,756.9,771.5,748.6,750.2,46442,False,0,893.6470000000002,False
2022-07-20 00:00:00+05:30,757.0,768.9,751.0,753.55,55103,False,0,891.2959999999999,False
2022-07-21 00:00:00+05:30,755.0,763.1,740.6,746.55,102277,False,0,889.0875,False
2022-07-22 00:00:00+05:30,750.0,750.0,738.0,738.9,30427,False,0,886.4725,False
2022-07-25 00:00:00+05:30,738.95,743.0,727.0,738.05,18195,False,0,883.5584999999999,False
2022-07-26 00:00:00+05:30,748.7,748.7,706.95,717.55,99419,False,0,879.845,False
2022-07-27 00:00:00+05:30,717.65,722.1,711.5,717.85,64930,False,0,876.571,False
2022-07-28 00:00:00+05:30,730.0,738.35,715.05,719.45,33927,False,0,873.8355,False
2022-07-29 00:00:00+05:30,722.9,744.55,721.7,741.9,40202,False,0,871.99,False
2022-08-01 00:00:00+05:30,742.0,756.0,741.0,743.35,105584,False,0,869.922,False
2022-08-02 00:00:00+05:30,752.0,752.0,740.55,747.75,22259,False,0,867.6475,False
2022-08-03 00:00:00+05:30,754.0,764.2,740.85,748.95,37745,False,0,865.1139999999999,False
2022-08-04 00:00:00+05:30,742.55,761.55,738.45,743.9,65299,False,0,862.4970000000001,False
2022-08-05 00:00:00+05:30,750.0,752.35,735.0,739.3,32094,False,0,859.8114999999999,False
2022-08-08 00:00:00+05:30,737.1,743.95,736.35,738.6,8683,False,0,857.257,False
2022-08-10 00:00:00+05:30,738.5,740.05,713.4,718.1,52028,False,0,854.4435000000001,False
2022-08-11 00:00:00+05:30,717.0,731.15,690.45,723.3,242236,False,0,851.6934999999999,False
2022-08-12 00:00:00+05:30,729.65,741.8,726.0,730.05,56106,False,0,849.0055,False
2022-08-16 00:00:00+05:30,729.0,772.0,729.0,763.3,172240,False,0,846.8389999999999,False
2022-08-17 00:00:00+05:30,770.0,785.0,759.0,767.0,170040,False,0,844.828,False
2022-08-18 00:00:00+05:30,771.95,771.95,741.35,742.95,54930,False,0,842.5664999999999,False
2022-08-19 00:00:00+05:30,742.95,748.75,715.6,718.45,46778,False,0,840.177,False
2022-08-22 00:00:00+05:30,718.45,733.5,712.65,726.2,104780,False,0,837.729,False
2022-08-23 00:00:00+05:30,730.0,736.3,722.85,733.65,279264,False,0,834.9915,False
2022-08-24 00:00:00+05:30,737.0,743.3,731.55,738.05,83386,False,0,832.26,False
2022-08-25 00:00:00+05:30,745.9,745.9,738.1,743.0,87158,False,0,829.545,False
2022-08-26 00:00:00+05:30,743.0,756.45,737.9,746.9,101526,False,0,826.84,False
2022-08-29 00:00:00+05:30,740.0,742.5,728.6,734.3,54287,False,0,824.0165,False
2022-08-30 00:00:00+05:30,737.0,737.2,728.45,734.9,85545,False,0,821.3889999999999,False
2022-09-01 00:00:00+05:30,738.9,747.9,736.05,738.5,57620,False,0,818.7964999999999,False
2022-09-02 00:00:00+05:30,745.0,745.0,730.2,737.65,55844,False,0,816.2265000000001,False
2022-09-05 00:00:00+05:30,743.0,750.0,736.1,741.5,94219,False,0,813.5315,False
2022-09-06 00:00:00+05:30,745.45,748.5,735.9,740.05,71745,False,0,810.6510000000001,False
2022-09-07 00:00:00+05:30,745.85,746.4,738.2,742.6,68948,False,0,808.178,False
2022-09-08 00:00:00+05:30,747.0,752.05,742.8,746.05,68008,False,0,805.7495,False
2022-09-09 00:00:00+05:30,754.0,754.0,730.1,735.9,83179,False,0,803.335,False
2022-09-12 00:00:00+05:30,764.65,777.0,718.0,720.4,320235,False,0,800.7490000000001,False
2022-09-13 00:00:00+05:30,723.0,758.9,721.2,724.7,228075,False,0,798.0314999999999,False
2022-09-14 00:00:00+05:30,722.8,722.8,715.8,718.15,66019,False,0,795.2465,False
2022-09-15 00:00:00+05:30,720.0,724.35,700.0,703.2,114976,False,0,792.318,False
2022-09-16 00:00:00+05:30,708.0,709.0,657.0,675.6,847612,False,0,789.1425,False
2022-09-19 00:00:00+05:30,680.0,692.5,660.0,666.7,66186,False,0,785.9279999999999,False
2022-09-20 00:00:00+05:30,668.0,680.0,660.35,663.55,59326,False,0,782.7734999999999,False
2022-09-21 00:00:00+05:30,669.7,669.7,657.8,660.25,32524,False,0,779.5959999999999,False
2022-09-22 00:00:00+05:30,665.0,667.85,640.1,643.95,182765,False,0,776.0864999999999,False
2022-09-23 00:00:00+05:30,645.0,653.0,638.0,640.15,170011,False,0,772.724,False
2022-09-26 00:00:00+05:30,644.7,644.7,614.0,624.75,147342,False,0,769.1275,False
2022-09-27 00:00:00+05:30,634.8,634.8,605.3,610.2,135989,False,0,765.795,False
2022-09-28 00:00:00+05:30,609.0,625.95,600.65,617.25,218122,False,0,762.7735,False
2022-09-29 00:00:00+05:30,625.9,625.9,600.0,619.5,313001,False,0,760.1415,False
2022-09-30 00:00:00+05:30,623.0,623.0,607.55,617.95,28714,False,0,757.982,False
2022-10-03 00:00:00+05:30,620.0,620.0,607.25,615.35,226379,False,0,755.993,False
2022-10-04 00:00:00+05:30,623.0,623.0,613.05,617.4,17181,False,0,754.203,False
2022-10-06 00:00:00+05:30,623.95,627.45,617.85,619.4,158171,False,0,752.1030000000001,False
2022-10-07 00:00:00+05:30,619.0,619.2,615.0,617.15,8245,False,0,749.6855,False
2022-10-10 00:00:00+05:30,623.0,623.0,604.85,607.95,23463,False,0,747.0775,False
2022-10-11 00:00:00+05:30,610.0,611.1,596.0,599.1,75609,False,0,743.9415000000001,False
2022-10-12 00:00:00+05:30,600.0,605.0,583.3,597.65,330130,False,0,741.0675,False
2022-10-13 00:00:00+05:30,592.15,610.55,590.5,600.6,36759,False,0,737.916,False
2022-10-14 00:00:00+05:30,618.8,618.8,592.05,593.45,17175,False,0,734.6535,False
2022-10-17 00:00:00+05:30,594.95,594.95,584.05,586.4,21802,False,0,731.285,False
2022-10-18 00:00:00+05:30,590.7,596.9,585.6,595.25,28307,False,0,728.312,False
2022-10-19 00:00:00+05:30,590.35,598.85,581.4,584.8,21301,False,0,725.0134999999999,False
2022-10-20 00:00:00+05:30,584.8,595.0,582.95,589.85,9498,False,0,722.104,False
2022-10-21 00:00:00+05:30,589.7,598.0,588.6,595.5,9526,False,0,719.405,False
2022-10-24 00:00:00+05:30,601.0,606.95,595.65,599.55,4678,False,0,716.758,False
2022-10-25 00:00:00+05:30,605.0,605.0,590.0,600.4,11287,False,0,713.9925,False
2022-10-27 00:00:00+05:30,601.05,610.0,597.05,603.0,16311,False,0,711.2410000000001,False
2022-10-28 00:00:00+05:30,603.0,610.0,600.15,605.55,8891,False,0,708.5440000000001,False
2022-10-31 00:00:00+05:30,609.8,609.8,589.5,592.7,17357,False,0,706.008,False
2022-11-01 00:00:00+05:30,590.25,596.7,590.25,594.6,13424,False,0,703.6685000000001,False
2022-11-02 00:00:00+05:30,594.6,598.9,586.0,591.85,19138,False,0,701.575,False
2022-11-03 00:00:00+05:30,590.0,593.0,588.7,590.7,11219,False,0,699.7689999999999,False
2022-11-04 00:00:00+05:30,590.7,594.95,585.1,590.1,61020,False,0,698.138,False
2022-11-07 00:00:00+05:30,590.1,600.55,581.1,587.6,119307,False,0,696.5620000000001,False
2022-11-09 00:00:00+05:30,591.0,591.0,574.0,576.3,116020,False,0,695.2009999999999,False
2022-11-10 00:00:00+05:30,581.0,587.0,570.0,578.65,51915,False,0,693.5540000000001,False
2022-11-11 00:00:00+05:30,586.0,592.3,574.55,582.2,229644,False,0,691.9960000000001,False
2022-11-14 00:00:00+05:30,594.0,689.0,585.1,618.0,1738603,False,0,690.681,False
2022-11-15 00:00:00+05:30,612.0,628.0,601.0,621.5,198005,False,0,689.4505,False
2022-11-16 00:00:00+05:30,621.0,626.6,609.05,620.15,75301,False,0,688.202,False
2022-11-17 00:00:00+05:30,620.0,634.0,612.05,626.9,46620,False,0,687.2625,False
2022-11-18 00:00:00+05:30,631.0,633.85,612.35,615.15,41128,False,0,685.9630000000001,False
2022-11-21 00:00:00+05:30,621.3,653.7,602.55,637.55,213203,False,0,684.8480000000001,False
2022-11-22 00:00:00+05:30,647.9,690.0,640.0,656.2,587780,False,0,683.929,False
2022-11-23 00:00:00+05:30,650.25,672.95,642.75,652.25,138077,False,0,682.807,False
2022-11-24 00:00:00+05:30,658.65,673.85,653.9,659.7,112086,False,0,681.8325,False
2022-11-25 00:00:00+05:30,666.3,680.0,653.0,675.9,126134,False,0,680.9185000000001,False
2022-11-28 00:00:00+05:30,675.0,679.0,667.3,673.85,35220,False,0,680.1389999999999,False
2022-11-29 00:00:00+05:30,677.25,677.25,661.2,668.1,27559,False,0,679.253,False
2022-11-30 00:00:00+05:30,672.4,690.0,670.05,685.25,69663,False,0,678.4995,True
2022-12-01 00:00:00+05:30,688.95,696.55,548.25,678.4,77699,True,1,677.675,True
2022-12-02 00:00:00+05:30,681.8,689.75,668.05,674.1,52284,True,1,676.742,False
2022-12-05 00:00:00+05:30,678.0,748.95,657.4,703.5,1270193,True,1,676.217,True
2022-12-06 00:00:00+05:30,706.0,734.0,702.95,712.75,293747,True,1,675.7135000000001,True
2022-12-07 00:00:00+05:30,713.3,719.05,691.25,694.7,103362,True,1,674.985,True
2022-12-08 00:00:00+05:30,693.4,722.1,690.0,704.6,144512,True,1,674.5135,True
2022-12-09 00:00:00+05:30,712.7,719.0,707.0,715.45,87863,True,1,674.1569999999999,True
2022-12-12 00:00:00+05:30,723.0,758.0,716.05,735.55,591409,True,1,673.9405,True
2022-12-13 00:00:00+05:30,741.0,749.75,725.0,729.5,131875,True,1,673.6665,True
2022-12-14 00:00:00+05:30,727.0,737.95,721.75,728.3,109897,True,1,673.4475,True
2022-12-15 00:00:00+05:30,731.8,735.15,690.0,693.35,71005,True,1,672.8455,True
2022-12-16 00:00:00+05:30,693.95,700.95,640.0,649.6,667828,True,1,671.8760000000001,False
2022-12-19 00:00:00+05:30,659.0,662.0,626.65,630.55,105607,True,1,670.7925,False
2022-12-20 00:00:00+05:30,633.75,643.0,626.15,633.25,122505,True,1,669.7445000000001,False
2022-12-21 00:00:00+05:30,639.65,664.95,634.75,652.95,195819,True,1,669.0985000000001,False
2022-12-22 00:00:00+05:30,650.4,675.0,625.0,665.3,108674,True,1,668.573,False
2022-12-23 00:00:00+05:30,665.0,671.4,632.0,634.75,52198,True,1,667.7260000000001,False
2022-12-26 00:00:00+05:30,643.8,651.45,629.0,642.35,36751,True,1,666.7305,False
2022-12-27 00:00:00+05:30,655.0,655.0,631.65,636.2,38064,True,1,665.659,False
2022-12-28 00:00:00+05:30,640.0,645.0,632.7,636.35,23006,True,1,664.545,False
2022-12-29 00:00:00+05:30,637.0,637.95,619.0,623.3,513156,True,1,663.2885000000001,False
2022-12-30 00:00:00+05:30,623.3,628.15,610.0,613.6,84419,True,1,661.9854999999999,False
2023-01-02 00:00:00+05:30,613.6,619.85,609.0,618.5,19003,True,1,660.7775,False
2023-01-03 00:00:00+05:30,618.3,622.9,614.0,619.05,39299,True,1,659.582,False
2023-01-04 00:00:00+05:30,622.95,622.95,611.0,614.0,13359,True,1,658.541,False
2023-01-05 00:00:00+05:30,615.5,619.9,602.0,609.75,20424,True,1,657.4055000000001,False
2023-01-06 00:00:00+05:30,612.0,625.0,598.15,603.95,351018,True,1,656.1445,False
2023-01-09 00:00:00+05:30,613.0,628.0,608.15,622.1,99697,True,1,654.7325,False
2023-01-10 00:00:00+05:30,627.95,627.95,613.35,620.3,19010,True,1,653.2655,False
2023-01-11 00:00:00+05:30,625.0,626.8,597.75,610.4,50577,True,1,651.94,False
2023-01-12 00:00:00+05:30,613.0,628.8,608.6,626.2,39462,True,1,651.0175,False
2023-01-13 00:00:00+05:30,629.8,631.75,621.1,627.3,16859,True,1,650.0285,False
2023-01-16 00:00:00+05:30,629.8,631.9,621.05,624.85,56071,True,1,648.9405,False
2023-01-17 00:00:00+05:30,629.95,631.95,623.45,626.05,71314,True,1,647.8204999999999,False
2023-01-18 00:00:00+05:30,626.15,626.95,621.1,624.6,6591,True,1,646.6365,False
2023-01-19 00:00:00+05:30,623.5,629.95,623.5,627.7,13550,True,1,645.4445000000001,False
2023-01-20 00:00:00+05:30,628.0,628.0,622.85,625.25,8462,True,1,644.354,False
2023-01-23 00:00:00+05:30,634.65,634.65,624.0,631.35,15091,True,1,643.3185,False
2023-01-24 00:00:00+05:30,628.75,631.0,613.35,619.55,317935,True,1,642.129,False
2023-01-25 00:00:00+05:30,617.5,627.0,597.7,616.35,41834,True,1,640.9159999999999,False
2023-01-27 00:00:00+05:30,619.0,649.0,611.8,632.25,70783,True,1,639.8235,False
2023-01-30 00:00:00+05:30,616.0,645.15,615.05,639.45,82175,True,1,638.8175,True
2023-01-31 00:00:00+05:30,649.05,649.05,629.2,636.25,103387,True,1,637.754,False
2023-02-01 00:00:00+05:30,640.95,647.2,629.9,637.6,85269,True,1,636.6695,True
2023-02-02 00:00:00+05:30,632.1,644.5,629.95,641.6,108528,True,1,635.7265,True
2023-02-03 00:00:00+05:30,648.15,648.15,625.0,640.85,54976,True,1,634.931,True
2023-02-06 00:00:00+05:30,626.1,660.0,626.1,656.05,42236,True,1,634.2445,True
2023-02-07 00:00:00+05:30,664.75,696.75,655.0,676.35,159788,True,1,633.8265,True
2023-02-08 00:00:00+05:30,670.15,695.25,666.6,679.8,27100,True,1,633.5925,True
2023-02-09 00:00:00+05:30,694.75,694.75,646.2,656.25,45165,True,1,633.399,True
2023-02-10 00:00:00+05:30,660.0,700.15,657.0,664.9,324691,True,1,633.381,True
2023-02-13 00:00:00+05:30,664.35,664.35,640.45,661.75,32064,True,1,633.363,True
2023-02-14 00:00:00+05:30,660.45,666.55,649.6,659.75,15297,True,1,633.3580000000001,True
2023-02-15 00:00:00+05:30,653.15,666.45,648.1,650.65,16233,True,1,633.425,True
2023-02-16 00:00:00+05:30,650.65,660.6,636.0,639.3,25051,True,1,633.4164999999999,True
2023-02-17 00:00:00+05:30,645.0,658.0,630.0,638.6,102002,True,1,633.555,True
2023-02-20 00:00:00+05:30,644.0,644.0,619.85,629.1,48078,True,1,633.744,False
2023-02-21 00:00:00+05:30,627.0,633.35,605.0,608.95,41059,True,1,633.661,False
2023-02-22 00:00:00+05:30,606.5,619.95,606.5,611.1,30110,True,1,633.577,False
2023-02-23 00:00:00+05:30,620.25,647.5,609.6,639.25,170908,True,1,633.79,True
2023-02-24 00:00:00+05:30,640.0,650.5,625.0,646.3,47443,True,1,634.0994999999999,True
2023-02-27 00:00:00+05:30,646.3,664.0,636.85,659.25,334251,True,1,634.518,True
2023-02-28 00:00:00+05:30,657.9,677.3,652.65,665.6,175770,True,1,634.98,True
2023-03-01 00:00:00+05:30,660.1,680.45,651.1,674.8,63847,True,1,635.5565,True
2023-03-02 00:00:00+05:30,666.5,709.0,662.8,693.1,145217,True,1,636.408,True
2023-03-03 00:00:00+05:30,700.0,705.0,691.0,698.75,58247,True,1,637.4045,True
2023-03-06 00:00:00+05:30,691.0,714.0,683.15,708.95,101051,True,1,638.5175,True
2023-03-08 00:00:00+05:30,706.0,706.0,679.9,688.3,363776,True,1,639.3945,True
2023-03-09 00:00:00+05:30,694.55,701.55,679.25,683.5,45090,True,1,640.295,True
2023-03-10 00:00:00+05:30,679.45,703.0,677.0,692.45,81945,True,1,641.3555,True
2023-03-13 00:00:00+05:30,686.4,699.75,667.1,675.9,57130,True,1,642.1619999999999,True
2023-03-14 00:00:00+05:30,675.0,705.75,666.2,672.6,132154,True,1,643.04,True
2023-03-15 00:00:00+05:30,679.55,689.9,635.5,648.65,65180,True,1,643.6279999999999,True
2023-03-16 00:00:00+05:30,642.15,732.0,632.45,718.8,517816,True,1,644.861,True
2023-03-17 00:00:00+05:30,700.8,793.0,700.8,772.45,813761,True,1,646.59,True
2023-03-20 00:00:00+05:30,770.05,780.0,732.0,754.65,398793,True,1,648.1325,True
2023-03-21 00:00:00+05:30,758.0,767.0,748.05,760.6,178694,True,1,649.7085,True
2023-03-22 00:00:00+05:30,751.25,759.5,718.1,724.55,106507,True,1,650.8985,True
2023-03-23 00:00:00+05:30,717.9,723.45,702.0,712.85,187456,True,1,652.1,True
2023-03-24 00:00:00+05:30,707.75,708.35,665.0,669.5,187125,True,1,652.849,True
2023-03-27 00:00:00+05:30,665.0,674.65,656.0,661.9,91350,True,1,653.5495000000001,True
2023-03-28 00:00:00+05:30,660.1,672.0,654.85,660.65,76967,True,1,654.249,True
2023-03-29 00:00:00+05:30,666.95,671.6,612.05,634.55,86903,True,1,654.6935,False
2023-03-31 00:00:00+05:30,634.55,673.7,634.55,644.5,286656,True,1,655.2625,False
2023-04-03 00:00:00+05:30,654.95,665.0,633.1,636.5,54709,True,1,655.8645,False
2023-04-05 00:00:00+05:30,636.35,643.85,627.0,640.35,46270,True,1,656.4815,False
2023-04-06 00:00:00+05:30,641.95,673.15,633.1,655.15,114159,True,1,657.211,False
2023-04-10 00:00:00+05:30,657.4,675.0,654.1,671.3,59328,True,1,657.7439999999999,True
2023-04-11 00:00:00+05:30,675.95,714.5,670.2,692.0,271550,True,1,658.449,True
2023-04-12 00:00:00+05:30,704.8,741.0,693.55,731.15,408198,False,0,659.559,True
2023-04-13 00:00:00+05:30,741.0,749.0,705.0,715.9,176821,False,0,660.449,True
2023-04-17 00:00:00+05:30,715.0,732.05,711.05,729.85,71446,False,0,661.596,True
2023-04-18 00:00:00+05:30,733.65,742.2,725.0,734.1,45235,False,0,662.5614999999999,True
2023-04-19 00:00:00+05:30,734.0,744.95,728.05,739.7,36396,False,0,663.3965000000001,True
2023-04-20 00:00:00+05:30,742.0,744.65,723.35,729.85,24473,False,0,664.1725,True
2023-04-21 00:00:00+05:30,728.0,756.35,706.05,744.55,76628,False,0,665.0210000000001,True
2023-04-24 00:00:00+05:30,740.0,740.0,726.0,729.2,32616,False,0,665.554,True
2023-04-25 00:00:00+05:30,725.85,745.5,722.4,740.65,30414,False,0,666.2220000000001,True
2023-04-26 00:00:00+05:30,740.7,742.45,729.35,738.75,11794,False,0,666.9285000000001,True
2023-04-27 00:00:00+05:30,731.35,744.05,731.35,735.05,30128,False,0,667.4264999999999,True
2023-04-28 00:00:00+05:30,724.1,745.0,724.1,739.55,16696,False,0,668.038,True
2023-05-02 00:00:00+05:30,745.0,745.0,721.95,725.95,37296,False,0,668.5564999999999,True
2023-05-03 00:00:00+05:30,725.8,734.8,711.7,721.95,21399,False,0,668.7410000000001,True
2023-05-04 00:00:00+05:30,727.85,745.9,726.9,740.55,77761,False,0,669.0189999999999,True
2023-05-05 00:00:00+05:30,745.85,745.85,712.7,719.15,34230,False,0,669.2635,True
2023-05-08 00:00:00+05:30,724.95,743.65,719.1,733.45,39211,False,0,669.552,True
2023-05-09 00:00:00+05:30,733.45,742.0,733.45,740.4,25317,False,0,669.8014999999999,True
2023-05-10 00:00:00+05:30,744.8,776.95,730.05,758.9,303841,False,0,670.035,True
2023-05-11 00:00:00+05:30,750.5,757.95,741.5,743.45,28423,False,0,670.1745,True
2023-05-12 00:00:00+05:30,741.0,742.05,720.0,721.65,54237,False,0,670.1079999999998,True
2023-05-15 00:00:00+05:30,723.05,730.3,715.75,727.4,25141,False,0,670.4485000000001,True
2023-05-16 00:00:00+05:30,720.0,735.2,703.35,708.65,55851,False,0,671.039,True
2023-05-17 00:00:00+05:30,708.7,729.0,700.0,702.9,37530,False,0,671.7625,True
2023-05-18 00:00:00+05:30,710.95,714.95,689.0,694.2,38513,False,0,672.372,True
2023-05-19 00:00:00+05:30,690.0,697.7,675.05,687.0,49749,False,0,672.7125,True
2023-05-22 00:00:00+05:30,687.0,690.95,676.6,683.7,31560,False,0,672.8965,True
2023-05-23 00:00:00+05:30,687.0,696.35,674.15,679.2,70307,False,0,673.3409999999999,True
2023-05-24 00:00:00+05:30,689.0,698.95,673.5,692.95,33679,False,0,673.847,True
2023-05-25 00:00:00+05:30,692.95,700.0,683.55,689.75,20517,False,0,674.3825,True
2023-05-26 00:00:00+05:30,738.0,827.7,730.35,813.1,4098903,True,1,676.15,True
2023-05-29 00:00:00+05:30,800.0,865.0,787.4,799.8,1757479,True,1,677.915,True
2023-05-30 00:00:00+05:30,790.9,815.0,778.05,811.25,1107260,True,1,679.8915000000001,True
2023-05-31 00:00:00+05:30,817.0,817.0,792.2,811.95,335805,True,1,681.826,True
2023-06-01 00:00:00+05:30,817.0,817.0,795.45,803.85,136294,True,1,683.6740000000001,True
2023-06-02 00:00:00+05:30,801.5,815.0,798.0,812.65,94041,True,1,685.6605000000001,True
2023-06-05 00:00:00+05:30,812.65,817.0,795.2,805.75,99381,True,1,687.6205,True
2023-06-06 00:00:00+05:30,806.8,839.8,799.6,819.75,264948,True,1,689.7785,True
2023-06-07 00:00:00+05:30,834.0,847.35,820.0,826.9,163620,True,1,691.8264999999999,True
2023-06-08 00:00:00+05:30,835.15,835.15,808.0,811.55,53343,True,1,693.7389999999999,True
2023-06-09 00:00:00+05:30,812.95,822.75,775.25,776.85,389766,True,1,695.4035,True
2023-06-12 00:00:00+05:30,788.8,788.8,774.7,781.05,140887,True,1,696.9520000000001,True
2023-06-13 00:00:00+05:30,783.05,788.9,770.15,776.9,64455,True,1,698.448,True
2023-06-14 00:00:00+05:30,777.9,785.85,767.95,771.45,58695,True,1,699.914,True
2023-06-15 00:00:00+05:30,771.95,786.0,766.85,778.9,52085,True,1,701.4425,True
2023-06-16 00:00:00+05:30,785.9,805.95,782.0,798.85,153422,True,1,703.185,True
2023-06-19 00:00:00+05:30,799.0,815.1,779.0,800.0,221395,True,1,704.908,True
2023-06-20 00:00:00+05:30,800.0,834.75,800.0,809.6,234408,True,1,706.7515000000001,True
2023-06-21 00:00:00+05:30,818.95,818.95,801.0,805.45,121256,True,1,708.4925,True
2023-06-22 00:00:00+05:30,816.1,819.1,792.0,792.1,69217,True,1,710.2180000000001,True
2023-06-23 00:00:00+05:30,800.0,800.0,780.05,780.1,61404,True,1,711.8555,True
2023-06-26 00:00:00+05:30,789.9,789.9,771.0,772.1,128724,True,1,713.2540000000001,True
2023-06-27 00:00:00+05:30,775.35,784.75,760.05,764.0,104882,True,1,714.4995,True
2023-06-28 00:00:00+05:30,764.0,799.0,764.0,771.0,659169,True,1,715.847,True
2023-06-30 00:00:00+05:30,774.8,782.2,768.05,778.85,108407,True,1,717.2595,True
2023-07-03 00:00:00+05:30,789.0,791.95,771.2,790.0,110180,True,1,718.7434999999999,True
2023-07-04 00:00:00+05:30,792.0,847.0,782.0,829.5,600659,True,1,720.63,True
2023-07-05 00:00:00+05:30,831.0,841.0,813.0,819.95,156377,True,1,722.2690000000001,True
2023-07-06 00:00:00+05:30,819.9,839.95,813.95,831.05,92740,True,1,723.8159999999999,True
2023-07-07 00:00:00+05:30,833.55,844.85,815.05,818.25,139019,True,1,725.2004999999999,True
2023-07-10 00:00:00+05:30,825.0,829.9,804.95,813.45,92588,True,1,726.7725,True
2023-07-11 00:00:00+05:30,815.0,843.75,815.0,833.5,114224,True,1,728.4585000000001,True
2023-07-12 00:00:00+05:30,834.75,864.0,827.3,846.4,238410,True,1,730.305,True
2023-07-13 00:00:00+05:30,855.0,855.0,823.65,830.0,88313,True,1,732.0075,True
2023-07-14 00:00:00+05:30,832.05,889.2,828.75,875.0,527954,True,1,734.2510000000001,True
2023-07-17 00:00:00+05:30,876.9,908.2,863.95,885.0,294650,True,1,736.7080000000001,True
2023-07-18 00:00:00+05:30,894.65,942.0,881.0,900.95,908710,True,1,739.3314999999999,True
2023-07-19 00:00:00+05:30,902.0,928.0,895.2,916.0,76634,True,1,742.2005,True
2023-07-20 00:00:00+05:30,919.7,920.95,906.0,917.0,67779,True,1,745.281,True
2023-07-21 00:00:00+05:30,916.0,975.0,910.0,936.5,422375,True,1,748.535,True
2023-07-24 00:00:00+05:30,936.5,955.8,915.9,922.0,188512,True,1,751.3625,True
2023-07-25 00:00:00+05:30,926.65,961.0,922.0,956.3,279612,True,1,754.4625,True
2023-07-26 00:00:00+05:30,957.1,958.65,932.0,937.0,68139,True,1,757.24,True
2023-07-27 00:00:00+05:30,932.05,962.65,932.05,938.25,167665,True,1,759.9665,True
2023-07-28 00:00:00+05:30,949.0,969.0,936.05,949.0,162149,True,1,762.7085000000001,True
2023-07-31 00:00:00+05:30,960.4,976.75,946.2,961.0,159813,True,1,765.3875,True
2023-08-01 00:00:00+05:30,960.9,968.95,945.6,946.1,50449,True,1,767.8610000000001,True
2023-08-02 00:00:00+05:30,955.05,956.95,933.7,942.2,60509,True,1,770.1935000000001,True
2023-08-03 00:00:00+05:30,940.7,963.85,940.7,960.95,153286,True,1,772.92,True
2023-08-04 00:00:00+05:30,959.05,967.35,933.05,934.05,34053,True,1,775.4255,True
2023-08-07 00:00:00+05:30,952.95,960.0,942.0,953.0,46999,True,1,778.0310000000001,True
2023-08-08 00:00:00+05:30,942.3,942.3,901.05,905.95,321812,True,1,780.3314999999999,True
2023-08-09 00:00:00+05:30,905.0,908.0,888.7,895.75,446802,True,1,782.563,True
2023-08-10 00:00:00+05:30,895.0,901.45,865.0,868.1,98778,True,1,784.7575,True
2023-08-11 00:00:00+05:30,879.8,879.8,835.0,872.0,170915,True,1,786.2895000000001,True
2023-08-14 00:00:00+05:30,876.9,896.0,869.05,888.3,113643,True,1,787.4479999999999,True
2023-08-16 00:00:00+05:30,900.0,912.0,893.05,902.2,102010,True,1,788.9235000000001,True
2023-08-17 00:00:00+05:30,908.9,915.0,896.65,901.0,93066,True,1,790.3275,True
2023-08-18 00:00:00+05:30,905.0,907.55,879.6,884.0,41782,True,1,791.9220000000001,True
2023-08-21 00:00:00+05:30,883.0,902.9,873.85,900.0,135391,True,1,793.7935000000001,True
2023-08-22 00:00:00+05:30,903.75,910.05,890.25,895.0,119849,True,1,796.0485000000001,True
2023-08-23 00:00:00+05:30,898.0,909.7,890.3,896.0,35790,True,1,798.3895000000001,True
2023-08-24 00:00:00+05:30,898.25,901.6,890.0,890.0,23884,True,1,800.683,True
2023-08-25 00:00:00+05:30,890.0,912.0,886.6,895.8,55854,True,1,803.2954999999998,True
2023-08-28 00:00:00+05:30,890.35,903.5,888.0,895.0,24012,True,1,805.8004999999998,True
2023-08-29 00:00:00+05:30,897.0,919.95,879.95,880.05,121818,True,1,808.2359999999999,True
2023-08-30 00:00:00+05:30,888.65,900.0,887.0,893.0,75369,True,1,810.7625,True
2023-08-31 00:00:00+05:30,879.1,879.1,805.0,812.45,18456630,True,1,812.3354999999999,True
2023-09-01 00:00:00+05:30,822.9,839.0,816.05,833.1,1229725,True,1,813.9535000000001,True
2023-09-04 00:00:00+05:30,836.0,836.85,826.05,830.25,321429,True,1,815.336,True
2023-09-05 00:00:00+05:30,835.0,835.0,821.0,826.7,406800,True,1,816.2914999999999,True
2023-09-06 00:00:00+05:30,834.9,834.9,815.05,819.05,146996,True,1,817.323,True
2023-09-07 00:00:00+05:30,824.9,824.9,806.0,808.35,165462,True,1,818.1080000000001,False
2023-09-08 00:00:00+05:30,816.45,816.45,799.0,809.35,229726,True,1,818.8605,False
2023-09-11 00:00:00+05:30,808.0,824.7,793.05,819.65,676502,True,1,819.66,False
2023-09-12 00:00:00+05:30,825.0,826.0,788.0,799.45,312020,True,1,820.3560000000001,False
2023-09-13 00:00:00+05:30,800.0,810.95,791.0,806.0,214653,True,1,820.9705,False
2023-09-14 00:00:00+05:30,808.65,817.3,801.2,806.0,146020,True,1,821.7385,False
2023-09-15 00:00:00+05:30,802.6,817.0,786.6,808.25,374653,True,1,822.4145,False
2023-09-18 00:00:00+05:30,808.0,811.75,798.05,803.05,85951,True,1,823.0575,False
2023-09-20 00:00:00+05:30,805.85,805.85,790.0,799.4,95917,True,1,823.701,False
2023-09-21 00:00:00+05:30,799.0,805.6,784.7,787.05,89529,True,1,824.176,False
2023-09-22 00:00:00+05:30,794.3,794.3,773.0,783.55,105977,True,1,824.7520000000001,False
2023-09-25 00:00:00+05:30,778.1,788.95,758.15,761.35,209281,True,1,825.146,False
2023-09-26 00:00:00+05:30,761.35,778.6,752.0,761.55,124470,True,1,825.3560000000001,False
2023-09-27 00:00:00+05:30,761.0,769.8,757.75,761.15,103469,True,1,825.776,False
2023-09-28 00:00:00+05:30,765.0,775.1,760.15,762.9,228214,True,1,826.0705,False
2023-09-29 00:00:00+05:30,768.0,774.9,762.35,769.7,99041,True,1,826.3635,False
2023-10-03 00:00:00+05:30,773.0,783.75,756.15,763.75,154570,True,1,826.4119999999999,False
2023-10-04 00:00:00+05:30,763.75,766.95,756.85,760.25,84046,False,0,826.58,False
2023-10-05 00:00:00+05:30,767.95,771.0,751.4,761.6,122173,False,0,826.9795000000001,False
2023-10-06 00:00:00+05:30,761.6,770.0,757.8,760.75,55739,False,0,827.313,False
2023-10-09 00:00:00+05:30,760.5,779.9,747.7,774.55,103990,False,0,827.972,False
2023-10-10 00:00:00+05:30,780.0,784.0,764.0,766.7,84461,False,0,828.61,False
2023-10-11 00:00:00+05:30,774.6,782.7,759.5,775.55,243715,False,0,829.4234999999999,False
2023-10-12 00:00:00+05:30,779.5,782.0,760.5,763.2,97899,False,0,830.1855,False
2023-10-13 00:00:00+05:30,765.0,765.95,758.0,761.25,30484,False,0,830.961,False
2023-10-16 00:00:00+05:30,761.0,769.9,759.55,765.9,35503,False,0,831.828,False
2023-10-17 00:00:00+05:30,769.95,774.8,758.9,761.45,66804,False,0,832.513,False
2023-10-18 00:00:00+05:30,765.4,773.45,761.7,762.05,47156,False,0,833.2360000000001,False
2023-10-19 00:00:00+05:30,761.0,770.0,758.75,760.8,43302,False,0,832.7130000000001,False
2023-10-20 00:00:00+05:30,767.7,794.0,763.05,784.9,209469,False,0,832.564,False
2023-10-23 00:00:00+05:30,788.9,813.45,772.0,801.25,511605,False,0,832.4639999999999,False
2023-10-25 00:00:00+05:30,805.0,813.8,795.1,806.0,151638,False,0,832.4045,False
2023-10-26 00:00:00+05:30,805.0,821.8,796.8,815.0,436122,False,0,832.516,False
2023-10-27 00:00:00+05:30,820.0,825.4,806.35,814.25,118787,False,0,832.5319999999999,False
2023-10-30 00:00:00+05:30,815.8,817.55,791.05,801.55,100264,False,0,832.49,False
2023-10-31 00:00:00+05:30,810.0,818.9,783.0,791.4,69528,False,0,832.2064999999999,False
2023-11-01 00:00:00+05:30,791.4,808.0,790.05,796.55,58699,False,0,831.903,False
2023-11-02 00:00:00+05:30,798.2,807.45,782.85,785.75,46114,False,0,831.645,False
2023-11-03 00:00:00+05:30,786.0,794.0,782.0,790.0,41646,False,0,831.7764999999999,False
2023-11-06 00:00:00+05:30,780.0,805.5,777.85,791.95,58586,False,0,831.8854999999999,False
2023-11-07 00:00:00+05:30,799.85,813.95,790.65,800.0,106224,False,0,832.1165,False
2023-11-08 00:00:00+05:30,807.45,814.7,794.25,802.05,44652,False,0,832.4225,False
2023-11-09 00:00:00+05:30,824.9,837.5,791.25,795.85,512243,False,0,832.592,False
2023-11-10 00:00:00+05:30,815.0,818.6,777.95,806.6,168650,False,0,832.6695,False
2023-11-12 00:00:00+05:30,815.0,816.7,809.6,813.65,10705,False,0,832.806,False
2023-11-13 00:00:00+05:30,803.35,817.5,802.0,813.25,95385,False,0,832.8425,False
2023-11-15 00:00:00+05:30,818.0,824.45,808.2,814.8,106209,False,0,832.936,False
2023-11-16 00:00:00+05:30,814.8,816.0,803.05,813.35,63822,False,0,833.1484999999999,False
2023-11-17 00:00:00+05:30,810.7,822.75,808.75,818.0,73151,False,0,833.5275,False
2023-11-20 00:00:00+05:30,820.3,841.95,817.1,837.05,206981,False,0,834.177,True
2023-11-21 00:00:00+05:30,844.9,849.0,823.0,835.0,195593,False,0,834.887,True
2023-11-22 00:00:00+05:30,836.0,839.95,818.05,822.9,57102,False,0,835.406,False
2023-11-23 00:00:00+05:30,822.9,824.5,809.0,810.0,35597,False,0,835.7175,False
2023-11-24 00:00:00+05:30,812.5,812.6,803.1,807.25,46503,False,0,835.89,False
2023-11-28 00:00:00+05:30,808.95,817.9,789.1,799.3,47021,False,0,835.5880000000001,False
2023-11-29 00:00:00+05:30,804.7,804.7,786.0,787.75,57817,False,0,835.266,False
2023-11-30 00:00:00+05:30,791.95,803.65,784.6,797.2,84753,False,0,834.9275,False
2023-12-01 00:00:00+05:30,804.95,804.95,789.25,792.8,45149,False,0,834.673,False
2023-12-04 00:00:00+05:30,802.8,802.8,779.55,794.3,177880,False,0,834.4815,False
2023-12-05 00:00:00+05:30,794.35,796.65,779.2,783.7,65664,False,0,833.9834999999999,False
2023-12-06 00:00:00+05:30,783.7,786.5,769.15,780.3,175769,False,0,833.3225,False
2023-12-07 00:00:00+05:30,781.35,784.45,733.0,740.55,277097,False,0,832.428,False
2023-12-08 00:00:00+05:30,742.0,750.4,717.4,727.15,204286,False,0,830.9495,False
2023-12-11 00:00:00+05:30,730.0,753.65,727.15,746.65,186981,False,0,829.566,False
2023-12-12 00:00:00+05:30,749.2,753.2,738.05,743.0,77679,False,0,827.9865000000001,False
2023-12-13 00:00:00+05:30,747.2,749.85,730.7,742.5,96036,False,0,826.2515000000001,False
2023-12-14 00:00:00+05:30,744.95,752.95,731.95,734.65,83575,False,0,824.428,False
2023-12-15 00:00:00+05:30,739.25,753.95,739.25,752.45,179789,False,0,822.5875,False
2023-12-18 00:00:00+05:30,745.05,765.8,745.05,764.0,86974,False,0,821.0075,False
2023-12-19 00:00:00+05:30,764.75,767.9,760.0,765.4,56286,False,0,819.0985000000001,False
2023-12-20 00:00:00+05:30,766.0,769.6,741.6,757.2,121977,False,0,817.3005,False
2023-12-21 00:00:00+05:30,746.9,757.55,741.65,749.8,82117,False,0,815.416,False
2023-12-22 00:00:00+05:30,746.4,749.05,717.3,726.55,324042,False,0,813.1914999999999,False
2023-12-26 00:00:00+05:30,731.9,733.25,723.8,728.85,117029,False,0,810.87,False
2023-12-27 00:00:00+05:30,734.85,735.45,721.5,725.05,167492,False,0,808.6595,False
2023-12-28 00:00:00+05:30,729.9,749.9,727.75,744.1,245327,False,0,806.6784999999999,False
2023-12-29 00:00:00+05:30,744.1,756.65,732.5,750.75,276552,False,0,804.5764999999999,False
2024-01-01 00:00:00+05:30,750.75,753.95,734.95,740.6,72431,False,0,802.6419999999999,False
2024-01-02 00:00:00+05:30,746.0,750.3,736.1,745.85,104178,False,0,800.5705,False
2024-01-03 00:00:00+05:30,748.95,756.6,744.55,749.45,77863,False,0,799.0055,False
2024-01-04 00:00:00+05:30,754.8,755.8,747.05,751.0,46338,False,0,797.558,False
2024-01-05 00:00:00+05:30,751.05,754.45,744.1,750.5,67106,False,0,796.382,False
2024-01-08 00:00:00+05:30,755.0,755.0,746.0,748.2,50541,False,0,795.1439999999999,False
2024-01-09 00:00:00+05:30,748.2,751.85,734.5,743.0,94476,False,0,793.691,False
2024-01-10 00:00:00+05:30,738.0,747.5,738.0,743.0,43525,False,0,792.0989999999999,False
2024-01-11 00:00:00+05:30,745.75,747.05,734.05,743.8,92341,False,0,790.5269999999999,False
2024-01-12 00:00:00+05:30,744.3,746.1,738.05,740.9,67233,False,0,789.0959999999999,False
2024-01-15 00:00:00+05:30,751.7,753.3,737.0,739.5,62281,False,0,787.4909999999999,False
2024-01-16 00:00:00+05:30,744.95,745.9,736.05,738.6,47509,False,0,785.927,False
2024-01-17 00:00:00+05:30,735.05,747.45,731.75,744.05,50075,False,0,784.4075,False
2024-01-18 00:00:00+05:30,744.0,746.05,720.45,738.0,696245,False,0,782.8875,False
2024-01-19 00:00:00+05:30,744.8,744.8,736.05,737.1,33456,False,0,781.3005,False
2024-01-20 00:00:00+05:30,737.1,743.75,720.3,725.8,44561,False,0,779.6085,False
2024-01-23 00:00:00+05:30,726.05,736.95,726.05,730.4,66042,False,0,778.112,False
2024-01-24 00:00:00+05:30,730.4,741.7,719.4,734.85,59533,False,0,776.5305000000001,False
2024-01-25 00:00:00+05:30,733.95,735.15,720.0,723.0,74136,False,0,775.6360000000001,False
2024-01-29 00:00:00+05:30,729.7,731.8,712.35,718.45,72553,False,0,774.4895,False
2024-01-30 00:00:00+05:30,728.65,738.5,715.45,719.3,68909,False,0,773.38,False
2024-01-31 00:00:00+05:30,722.25,725.55,709.75,716.6,142094,False,0,772.2790000000001,False
2024-02-01 00:00:00+05:30,721.85,721.85,686.9,694.5,97599,False,0,771.0335,False
2024-02-02 00:00:00+05:30,695.0,701.7,671.95,686.5,81114,False,0,769.815,False
2024-02-05 00:00:00+05:30,696.75,697.0,671.05,679.15,140871,False,0,768.513,False
2024-02-06 00:00:00+05:30,683.0,699.2,664.8,670.05,461627,False,0,767.0169999999999,False
2024-02-07 00:00:00+05:30,670.05,677.9,638.05,640.6,442073,False,0,765.4284999999999,False
2024-02-08 00:00:00+05:30,648.0,650.75,619.2,628.85,578605,False,0,763.6569999999999,False
2024-02-09 00:00:00+05:30,632.8,670.0,606.0,628.95,535930,False,0,761.8865,False
2024-02-12 00:00:00+05:30,628.25,638.2,617.0,623.05,150034,False,0,760.0345,False
2024-02-13 00:00:00+05:30,624.45,624.45,607.0,612.4,182283,False,0,758.1279999999999,False
2024-02-14 00:00:00+05:30,612.4,613.85,598.6,602.95,192440,False,0,756.1635000000001,False
2024-02-15 00:00:00+05:30,603.0,639.8,603.0,636.75,1064243,False,0,754.6605000000001,False
2024-02-16 00:00:00+05:30,632.35,689.0,630.0,680.8,883696,False,0,753.6329999999999,False
2024-02-19 00:00:00+05:30,688.0,719.0,680.8,713.0,484640,False,0,753.1495,False
2024-02-20 00:00:00+05:30,713.0,727.0,704.55,711.85,743015,False,0,752.6525,False
2024-02-21 00:00:00+05:30,706.05,722.25,692.5,699.95,242613,False,0,752.0405000000001,False
2024-02-22 00:00:00+05:30,705.6,705.65,682.2,690.4,122615,False,0,751.3155,False
2024-02-23 00:00:00+05:30,693.65,712.5,683.5,688.9,241125,False,0,750.5075,False
2024-02-26 00:00:00+05:30,694.9,716.45,690.0,700.5,147523,False,0,749.875,False
2024-02-27 00:00:00+05:30,700.0,705.5,691.05,701.8,83287,False,0,749.2905000000001,False
2024-02-28 00:00:00+05:30,692.0,707.55,690.75,695.75,63706,False,0,748.632,False
2024-02-29 00:00:00+05:30,697.95,712.95,689.0,696.15,200016,False,0,747.9859999999999,False
2024-03-01 00:00:00+05:30,699.35,700.05,692.6,696.25,78149,False,0,747.203,False
2024-03-02 00:00:00+05:30,699.9,706.35,682.4,692.3,7651,False,0,746.459,False
2024-03-04 00:00:00+05:30,699.65,703.95,690.0,696.8,53307,False,0,745.6715,False
2024-03-05 00:00:00+05:30,696.75,700.0,677.3,692.3,96149,False,0,744.9625,False
2024-03-06 00:00:00+05:30,692.1,704.0,676.85,699.85,180184,False,0,744.3485,False
2024-03-07 00:00:00+05:30,703.7,710.0,689.55,696.25,133569,False,0,743.6519999999999,False
2024-03-11 00:00:00+05:30,696.0,696.95,681.05,682.75,98397,False,0,742.865,False
2024-03-12 00:00:00+05:30,685.55,694.9,664.35,675.35,208250,False,0,741.998,False
2024-03-13 00:00:00+05:30,670.0,680.55,660.15,665.25,162766,False,0,741.0425,False
2024-03-14 00:00:00+05:30,666.55,680.5,656.55,666.5,92711,False,0,739.8585,False
2024-03-15 00:00:00+05:30,663.1,684.0,653.9,665.55,119642,False,0,738.5015000000001,False
2024-03-18 00:00:00+05:30,650.1,679.45,650.1,674.85,112093,False,0,737.19,False
2024-03-19 00:00:00+05:30,669.6,690.0,666.05,683.15,95216,False,0,735.8715000000001,False
2024-03-20 00:00:00+05:30,693.4,696.85,671.55,680.5,90324,False,0,734.5340000000001,False
2024-03-21 00:00:00+05:30,679.6,689.4,677.1,682.95,34555,False,0,733.3480000000001,False
2024-03-22 00:00:00+05:30,679.45,693.0,679.45,687.2,75314,False,0,732.306,False
2024-03-26 00:00:00+05:30,685.25,699.0,661.0,685.0,78818,False,0,731.1905,False
2024-03-27 00:00:00+05:30,680.35,687.9,672.05,685.05,126709,False,0,730.1835000000001,False
2024-03-28 00:00:00+05:30,687.0,700.0,678.45,687.85,401862,False,0,729.1619999999999,False
2024-04-01 00:00:00+05:30,687.85,704.95,684.25,698.0,118528,False,0,728.2225,False
2024-04-02 00:00:00+05:30,695.1,702.95,688.0,694.35,79886,False,0,727.166,False
2024-04-03 00:00:00+05:30,694.95,696.25,684.55,690.6,158026,False,0,726.0515,False
2024-04-04 00:00:00+05:30,693.1,695.45,683.75,689.25,52069,False,0,724.9855,False
2024-04-05 00:00:00+05:30,691.9,698.0,686.45,691.5,50742,False,0,723.8345000000002,False
2024-04-08 00:00:00+05:30,693.75,694.0,682.0,687.4,30300,False,0,722.572,False
2024-04-09 00:00:00+05:30,692.0,692.0,672.0,674.85,37442,False,0,721.188,False
2024-04-10 00:00:00+05:30,677.0,690.0,670.0,687.05,206870,False,0,719.9104999999998,False
2024-04-12 00:00:00+05:30,691.95,702.35,679.4,693.4,142317,False,0,718.711,False
2024-04-15 00:00:00+05:30,690.0,690.0,672.05,685.45,42693,False,0,717.3855,False
2024-04-16 00:00:00+05:30,686.7,695.0,676.75,692.0,178439,False,0,715.935,False
2024-04-18 00:00:00+05:30,693.0,715.9,687.45,696.25,192843,False,0,714.5475,False
2024-04-19 00:00:00+05:30,680.2,700.05,680.2,694.4,70075,False,0,713.2625,False
2024-04-22 00:00:00+05:30,695.75,695.75,686.35,689.15,67452,False,0,712.0540000000001,False
2024-04-23 00:00:00+05:30,690.0,695.0,682.35,688.8,43156,False,0,710.8695000000001,False
2024-04-24 00:00:00+05:30,694.8,694.8,680.2,683.3,44138,False,0,709.7094999999999,False
2024-04-25 00:00:00+05:30,683.3,691.95,676.05,680.45,56179,False,0,708.6365000000001,False
2024-04-26 00:00:00+05:30,680.0,681.9,672.0,675.3,45040,False,0,707.4175,False
2024-04-29 00:00:00+05:30,680.0,681.0,672.0,677.3,43570,False,0,706.2625,False
2024-04-30 00:00:00+05:30,677.3,707.8,674.95,696.9,199987,False,0,705.2885000000001,False
2024-05-02 00:00:00+05:30,702.05,703.85,679.0,681.8,107367,False,0,704.2695,False
2024-05-03 00:00:00+05:30,685.95,687.65,663.2,666.85,78551,False,0,703.135,False
2024-05-06 00:00:00+05:30,671.1,681.8,656.0,674.95,37311,False,0,702.4789999999999,False
2024-05-07 00:00:00+05:30,674.95,690.15,665.65,687.45,63934,False,0,702.082,False
2024-05-08 00:00:00+05:30,686.85,697.45,681.4,693.2,34728,False,0,701.5475,False
2024-05-09 00:00:00+05:30,689.45,704.9,680.05,687.65,75175,False,0,700.9939999999999,False
2024-05-10 00:00:00+05:30,692.0,707.35,682.45,703.45,56774,False,0,700.6034999999999,True
2024-05-13 00:00:00+05:30,705.8,709.2,690.5,698.5,35226,False,0,700.242,False
2024-05-14 00:00:00+05:30,695.0,728.2,692.05,700.45,203766,False,0,699.722,True
2024-05-15 00:00:00+05:30,702.6,718.05,698.2,704.35,78303,False,0,699.1255,True
2024-05-16 00:00:00+05:30,703.7,710.95,696.2,704.25,42483,False,0,698.5139999999999,True
2024-05-17 00:00:00+05:30,705.65,705.65,686.1,688.9,60623,False,0,697.8309999999999,False
2024-05-18 00:00:00+05:30,689.9,702.2,689.05,696.5,4403,False,0,697.2979999999999,False
2024-05-21 00:00:00+05:30,696.0,718.95,689.05,705.8,89744,False,0,697.0905,True
2024-05-22 00:00:00+05:30,705.8,711.0,692.7,698.05,80122,False,0,696.7825,True
2024-05-23 00:00:00+05:30,702.2,719.95,697.3,715.4,76346,False,0,696.6859999999999,True
2024-05-24 00:00:00+05:30,713.5,713.9,697.0,701.6,46164,False,0,696.2610000000001,True
2024-05-27 00:00:00+05:30,698.05,720.9,692.1,714.3,98555,False,0,695.8965000000001,True
2024-05-28 00:00:00+05:30,720.0,720.0,692.55,702.8,119660,False,0,695.5185,True
2024-05-29 00:00:00+05:30,720.8,728.0,680.2,689.6,388684,False,0,694.9559999999999,False
2024-05-30 00:00:00+05:30,689.6,708.95,688.95,699.7,235275,False,0,694.4585,True
2024-05-31 00:00:00+05:30,702.9,738.8,699.75,731.3,257106,False,0,694.2615,True
2024-06-03 00:00:00+05:30,745.1,755.0,708.5,722.05,157805,False,0,693.977,True
2024-06-04 00:00:00+05:30,710.3,719.9,660.0,703.65,123462,False,0,693.5314999999999,True
2024-06-05 00:00:00+05:30,704.0,719.35,685.45,697.15,88966,False,0,693.073,True
2024-06-06 00:00:00+05:30,698.0,711.1,688.5,703.9,92867,False,0,692.682,True
2024-06-07 00:00:00+05:30,705.8,713.35,697.1,703.65,59022,False,0,692.2805000000001,True
2024-06-10 00:00:00+05:30,711.9,711.9,695.05,705.3,64898,False,0,691.9245,True
2024-06-11 00:00:00+05:30,707.15,707.15,697.5,701.6,55083,False,0,691.5455000000001,True
2024-06-12 00:00:00+05:30,704.2,704.2,696.75,699.85,117610,False,0,691.158,True
2024-06-13 00:00:00+05:30,702.0,702.0,691.8,698.25,45727,False,0,690.7,True
2024-06-14 00:00:00+05:30,698.25,700.0,691.25,697.25,117026,False,0,690.2925,True
2024-06-18 00:00:00+05:30,697.25,709.95,691.85,704.35,121097,False,0,689.965,True
2024-06-19 00:00:00+05:30,708.8,708.8,693.35,698.55,101052,False,0,689.6925,True
2024-06-20 00:00:00+05:30,698.55,701.95,689.0,690.85,76995,False,0,689.2970000000001,True
2024-06-21 00:00:00+05:30,694.75,697.95,682.0,684.55,128221,False,0,688.794,False
2024-06-24 00:00:00+05:30,684.95,694.9,684.25,686.95,133147,False,0,688.4335000000001,False
2024-06-25 00:00:00+05:30,686.95,691.55,683.05,685.6,33335,False,0,688.105,False
2024-06-26 00:00:00+05:30,689.0,690.25,683.6,685.75,199867,False,0,687.7695,False
2024-06-27 00:00:00+05:30,689.95,696.9,682.05,684.35,59526,False,0,687.447,False
2024-06-28 00:00:00+05:30,688.9,692.4,672.35,682.45,103775,False,0,687.3264999999999,False
2024-07-01 00:00:00+05:30,685.9,689.0,680.35,686.45,33187,False,0,687.3259999999999,False
2024-07-02 00:00:00+05:30,686.45,694.0,682.7,689.7,63177,False,0,687.4314999999999,True
2024-07-03 00:00:00+05:30,689.95,695.0,686.95,690.0,152766,False,0,687.6309999999999,True
2024-07-04 00:00:00+05:30,694.9,697.0,685.05,689.9,86516,False,0,688.1240000000001,True
2024-07-05 00:00:00+05:30,691.0,691.0,663.1,669.3,3563085,False,0,688.5285,False
2024-07-08 00:00:00+05:30,674.0,675.0,665.0,671.15,128244,False,0,688.9505,False
2024-07-09 00:00:00+05:30,680.95,681.0,663.8,675.55,147872,False,0,689.4755,False
2024-07-10 00:00:00+05:30,675.55,677.65,654.6,669.65,172640,False,0,690.048,False
2024-07-11 00:00:00+05:30,669.8,672.1,661.5,668.0,59448,False,0,690.6985,False
2024-07-12 00:00:00+05:30,669.3,675.75,666.5,673.5,65102,False,0,691.0659999999999,False
2024-07-15 00:00:00+05:30,680.0,681.0,669.0,678.15,66305,False,0,691.0395000000001,False
2024-07-16 00:00:00+05:30,678.2,678.85,670.0,672.45,58608,False,0,690.6340000000001,False
2024-07-18 00:00:00+05:30,674.4,677.0,668.0,673.35,54040,False,0,690.2489999999999,False
2024-07-19 00:00:00+05:30,673.25,677.9,668.65,671.85,29144,False,0,689.9680000000001,False
2024-07-22 00:00:00+05:30,668.6,675.0,664.55,670.4,59666,False,0,689.7679999999999,False
2024-07-23 00:00:00+05:30,671.75,679.0,668.05,670.85,60964,False,0,689.5875,False
2024-07-24 00:00:00+05:30,674.5,679.0,670.4,676.8,29397,False,0,689.3505,False
2024-07-25 00:00:00+05:30,676.8,684.75,673.75,681.3,71954,False,0,689.1455000000001,False
2024-07-26 00:00:00+05:30,682.95,682.95,663.5,668.4,162570,False,0,688.872,False
2024-07-29 00:00:00+05:30,671.9,689.6,671.75,679.95,182302,False,0,688.71,False
2024-07-30 00:00:00+05:30,682.4,684.15,672.35,677.2,120351,False,0,688.5195,False
2024-07-31 00:00:00+05:30,677.2,683.25,676.45,679.9,149796,False,0,688.3955000000001,False
2024-08-01 00:00:00+05:30,682.0,685.7,677.0,682.1,34357,False,0,688.2484999999999,False
2024-08-02 00:00:00+05:30,682.55,682.6,671.0,673.4,37055,False,0,688.0595,False
2024-08-05 00:00:00+05:30,677.0,710.95,652.1,666.5,721796,False,0,687.7260000000001,False
2024-08-06 00:00:00+05:30,673.6,678.9,658.15,670.55,112749,False,0,687.469,False
2024-08-07 00:00:00+05:30,670.95,680.0,650.0,651.3,118053,False,0,687.1545,False
2024-08-08 00:00:00+05:30,652.55,657.75,649.05,651.6,72553,False,0,686.9169999999999,False
2024-08-09 00:00:00+05:30,654.4,657.9,641.0,644.25,293094,False,0,686.707,False
2024-08-12 00:00:00+05:30,649.3,649.3,640.55,644.4,69128,False,0,686.4859999999999,False
2024-08-13 00:00:00+05:30,642.1,649.0,640.05,643.9,78704,False,0,686.2695,False
2024-08-14 00:00:00+05:30,646.6,646.6,635.5,640.5,70680,False,0,685.926,False
2024-08-16 00:00:00+05:30,642.9,645.0,640.05,642.2,54575,False,0,685.5165,False
2024-08-19 00:00:00+05:30,644.85,645.0,640.0,642.15,32233,False,0,685.1329999999999,False
2024-08-20 00:00:00+05:30,643.7,645.5,634.9,639.25,83328,False,0,684.6959999999999,False
2024-08-21 00:00:00+05:30,641.05,641.1,632.85,634.55,76065,False,0,684.1695,False
2024-08-22 00:00:00+05:30,636.95,643.6,633.65,635.0,628060,False,0,683.6695,False
2024-08-23 00:00:00+05:30,638.25,640.0,630.8,635.0,432188,False,0,683.169,False
2024-08-26 00:00:00+05:30,635.0,665.5,616.0,637.45,24327734,False,0,682.665,False
2024-08-27 00:00:00+05:30,646.4,679.25,642.95,669.65,3132031,False,0,682.3815000000001,False
2024-08-28 00:00:00+05:30,683.05,683.05,645.55,657.95,1172384,False,0,682.0175,False
2024-08-29 00:00:00+05:30,664.35,681.15,661.0,671.9,591280,False,0,681.8304999999999,False
2024-08-30 00:00:00+05:30,674.2,684.7,670.6,679.4,645189,False,0,681.732,False
2024-09-02 00:00:00+05:30,681.3,694.9,675.0,686.65,716987,False,0,681.6834999999999,True
