stock_name,prev_close,slope,annualized_return,adjusted_return,prev_sma_100_above,circuit_hitted,circuit_freq,prev_atr_20,no_of_shares,invested_amount,cumulative_invested_amount
JINDALSAW,174.65,0.007894197701405906,619.6173492349312,590.3909220553113,True,False,0,5.879155935422452,340,59381.0,59381.0
JSL,312.35,0.007059693606017832,484.1124919568517,444.5977736469718,True,False,0,10.30081811265585,194,60595.9,119976.9
FACT,231.2,0.009049475874065295,860.5818114740822,379.469840487697,True,True,1,17.487346730601903,114,26356.8,146333.69999999998
APARINDS,2304.6,0.005642870501350325,309.8895820383092,240.6873765623913,True,True,1,106.57069994337785,18,41482.799999999996,187816.49999999997
CIEINDIA,393.3,0.00501944226918383,250.73493010499521,223.04503561249538,True,False,0,16.47484142938311,121,47589.3,235405.8
PNBHOUSING,504.71,0.004658074369896821,220.43798992314953,190.49895817935408,True,False,0,20.583892895822625,97,48956.869999999995,284362.67
USHAMART,208.35,0.005004158890961352,249.39738336314838,178.56817800546145,True,False,0,8.774809318237397,227,47295.45,331658.12
JBMA,643.3,0.004406096126477383,200.87479585764223,163.6625904909289,True,False,0,24.267564430186987,82,52750.6,384408.72
SONATSOFTW,390.15,0.004039600966260848,174.53271318184198,133.60907270425577,True,False,0,11.407169906859473,175,68276.25,452684.97
UCOBANK,26.65,0.00593457892166748,340.89859972192346,125.94070526097298,True,True,2,1.6058831649513465,1245,33179.25,485864.22
OIL,173.57,0.0033007308662551488,128.2297740834712,109.25668945156617,True,False,0,5.042502271120924,396,68733.72,554597.94
PERSISTENT,2374.7,0.003482969018905951,138.86832070744802,105.90528075990443,True,False,0,68.01159885994741,29,68866.29999999999,623464.24
JWL,100.1,0.0035639121447213792,143.7512461239935,89.34803721808835,True,False,0,5.21800946744462,383,38338.299999999996,661802.54
RECLTD,122.4,0.002993616976160917,111.36244951898817,88.18230069556301,True,False,0,2.919385423722432,685,83844.0,745646.54
CARBORUNIV,994.0,0.002681096014992737,95.47728623535521,87.16788674286967,True,False,0,27.87967389097377,71,70574.0,816220.54
TITAGARH,252.6,0.003466215980898121,137.86997032814548,87.07676262339704,True,False,0,10.341917095695353,193,48751.799999999996,864972.3400000001
CYIENT,952.1,0.0026015673357243437,91.62915499764794,76.48734954121419,True,False,0,27.603278948385757,72,68551.2,933523.54
GPIL,373.4,0.003410602729918017,134.58567394286513,70.66868757620031,True,False,0,15.05257257298029,132,49288.799999999996,982812.3400000001
NCC,99.35,0.002707390696427155,96.76652234158266,67.93695549293172,True,False,0,3.262808862401656,612,60802.2,1043614.54
LINDEINDIA,4015.05,0.0024055612128850465,82.46538598705496,60.97624005163468,True,False,0,101.0899267265857,19,76285.95,1119900.49
ZENSARTECH,274.4,0.0029562992860322837,109.39972967728534,60.53111181386707,True,False,0,9.674565326930786,206,56526.399999999994,1176426.89
FINCABLES,791.5,0.0030929691644753948,116.67802092266149,58.92511391932351,True,False,0,25.466614680689673,78,61737.0,1238163.89
M&MFIN,245.05,0.0024015175512438793,82.28102212035655,57.54284174818171,True,False,0,7.454738679026328,268,65673.40000000001,1303837.2899999998
CGPOWER,297.35,0.002401060925945046,82.26021477647183,56.25342863113,True,False,0,9.822892885918366,203,60362.05,1364199.3399999999
PFC,133.64,0.0025666216767702144,89.96229501555189,53.18839968762422,True,False,0,3.7076448368784893,539,72031.95999999999,1436231.2999999998
RKFORGE,273.15,0.0023247865004284544,78.81769284134099,52.809114457676166,True,False,0,11.265514427525979,177,48347.549999999996,1484578.8499999999
EQUITASBNK,68.7,0.0027491496943936977,98.83147558583663,52.06239432654846,True,False,0,2.5203374108743843,793,54479.100000000006,1539057.95
CHENNPETRO,245.25,0.0022762497297789393,76.66099585568995,51.47291897425459,True,False,0,9.014402492508982,221,54200.25,1593258.2
KPITTECH,823.1,0.0023813742589560475,81.3653945477976,51.329311036236774,True,False,0,27.851347589456473,71,58440.1,1651698.3
BLUESTARCO,758.75,0.0022633149050246136,76.09064876457387,50.594610964219896,True,False,0,18.913855889015657,105,79668.75,1731367.05
CUMMINSIND,1680.95,0.0020107452226633357,65.31561941039925,43.80056875587739,True,False,0,39.171439271484815,51,85728.45,1817095.5
MOTHERSON,83.05,0.0019094547469428905,61.18195348562663,42.62426876907945,True,False,0,2.2478415836011387,889,73831.45,1890926.95
SUPREMEIND,2699.25,0.0018393214678685136,58.38052965099987,39.68881672690361,True,False,0,84.53418851603024,23,62082.75,1953009.7
AEGISLOG,381.3,0.0017427556641763224,54.60277754982419,36.83222489109368,True,False,0,13.806229537697726,144,54907.200000000004,2007916.9
POLYCAB,2946.95,0.0019235999907079309,61.752952010384774,35.6489863718256,True,False,0,73.28319390454816,27,79567.65,2087484.5499999998
JINDALSTEL,576.3,0.0018991548036619294,60.767446145218386,33.633473923692485,True,False,0,17.866006959190067,111,63969.299999999996,2151453.8499999996
CERA,6296.7,0.0019643971414442527,63.411158791069845,33.58961700241205,True,False,0,184.97311652003856,10,62967.0,2214420.8499999996
ZYDUSLIFE,474.9,0.0017315277028639258,54.169417551745155,32.822982194003764,True,False,0,10.726204085033212,186,88331.4,2302752.2499999995
SIEMENS,3309.05,0.0015968375839959382,49.064572117964936,31.711213854883983,True,False,0,74.25867092670826,26,86035.3,2388787.5499999993
APLAPOLLO,1199.15,0.0016378595254317415,50.60116745274477,31.59328719767545,True,False,0,40.596039867207054,49,58758.350000000006,2447545.8999999994
PNCINFRA,290.75,0.002141410401877367,70.80503954592862,30.622792147482834,False,False,0,12.380121771665443,161,46810.75,2494356.6499999994
RATNAMANI,2199.05,0.0016204005626576598,49.945264872311014,29.228793439309246,True,False,0,78.83665817925254,25,54976.25000000001,2549332.8999999994
CRISIL,3309.55,0.001602250741822534,49.26643619122893,29.07423174135562,True,False,0,80.13484884864499,24,79429.20000000001,2628762.0999999996
GODREJCP,916.35,0.0013075136874640123,38.66328826933665,28.76329930457432,True,False,0,19.3698539532835,103,94384.05,2723146.1499999994
GAIL,111.05,0.0014917313475677303,45.19868166103647,28.423263725012184,True,False,0,2.25594988527574,886,98390.3,2821536.4499999993
RADICO,1199.9,0.001641238755195061,50.728450196741036,28.335788328418072,True,False,0,38.55991038740463,51,61194.9,2882731.349999999
GSPL,281.8,0.0017242012431729428,53.88729699291454,28.25701326341272,True,False,0,9.287176252117952,215,60587.0,2943318.349999999
ONGC,155.8,0.0012934592762427993,38.176935476307364,28.14024516764553,True,False,0,3.3177856083187707,602,93791.6,3037109.9499999993
COFORGE,4136.35,0.0014986320635701341,45.44939157511354,26.60008127772205,True,False,0,125.03715755578395,15,62045.25000000001,3099155.1999999993
SAFARI,2045.5,0.00182647516064333,57.87269432796664,25.52788223136971,True,False,0,70.46089957210721,28,57274.0,3156429.1999999993
GPPL,109.65,0.001632495887411288,50.399360248664735,24.779034900926842,True,False,0,3.666825028553659,545,59759.25,3216188.4499999993
IOC,78.9,0.0015078379412312062,45.78452440233632,23.683812938133727,True,False,0,1.509102919787924,1325,104542.50000000001,3320730.9499999993
CCL,579.95,0.0011477577502314509,33.23435210548069,20.666258009542243,True,False,0,18.381708604721787,108,62634.600000000006,3383365.5499999993
ACE,380.8,0.0017503926889734802,54.898235824301466,19.844580497499273,True,False,0,14.427728048844061,138,52550.4,3435915.9499999993
SWANENERGY,298.15,0.002479175019812222,85.85446866789799,18.94781558363463,True,False,0,16.270276870541906,122,36374.299999999996,3472290.249999999
IRB,29.55,0.001744571493407285,54.672976542950494,18.10103089977626,True,False,0,1.3821059663246997,1447,42758.85,3515049.099999999
ITC,388.0,0.0013903709417308174,41.56555859609563,16.955153556448085,True,False,0,7.506420750474361,266,103208.0,3618257.099999999
CANFINHOME,557.1,0.0011466109878075508,33.19616054318728,16.6455319847527,True,False,0,17.567571640542987,113,62952.3,3681209.399999999
APOLLOTYRE,312.0,0.0012711554757370064,37.408611833296824,16.160271489644206,False,False,0,8.872826057076281,225,70200.0,3751409.399999999
SHREECEM,26181.8,0.0011411507687278594,33.01446452961683,15.924972086323043,True,False,0,699.3451311570078,2,52363.6,3803772.999999999
NATIONALUM,81.95,0.0011525093776099731,33.39271614652828,14.73215425245064,True,False,0,2.346223214972397,852,69821.40000000001,3873594.399999999
BOSCHLTD,18389.3,0.0008928872622573068,25.009783414107666,14.163767381188958,True,False,0,364.7479113288732,5,91946.5,3965540.899999999
KEC,461.65,0.0013445445041515834,39.952952425375265,13.878639752782806,True,False,0,16.433523968680174,121,55859.649999999994,4021400.549999999
SUNDRMFAST,981.05,0.0009252252059887307,26.024519532689826,13.668803816305598,True,False,0,27.662621728997806,72,70635.59999999999,4092036.149999999
SUVENPHAR,477.1,0.0010262128081992591,29.246752589227732,12.460050980591381,True,False,0,9.93109542358534,201,95897.1,4187933.249999999
BRITANNIA,4311.0,0.00102758456940103,29.291084110488242,12.368420772039789,True,False,0,77.88715879095633,25,107775.0,4295708.249999999
LT,2157.85,0.0008747890073389191,24.44544633450707,12.110169980091152,True,False,0,46.820792789483384,42,90629.7,4386337.949999999
MTARTECH,1697.4,0.0009625810025406387,27.206968934126465,11.903978377876559,True,False,0,49.210359156841626,40,67896.0,4454233.949999999
PETRONET,231.9,0.0007559927652724764,20.803876752307925,11.58605177757419,True,False,0,4.578664294938695,436,101108.40000000001,4555342.35
MPHASIS,2038.95,0.0009948509406617115,28.23735993134815,11.317979009447862,False,False,0,56.652317003717116,35,71363.25,4626705.6
RBLBANK,154.9,0.0014998317919464514,45.49302305862315,10.567180989290767,False,False,0,6.082690524016325,328,50807.200000000004,4677512.8
FINPIPE,168.5,0.0013091190150238716,38.71894943744656,10.499789419456603,True,False,0,6.4539111155112545,309,52066.5,4729579.3
J&KBANK,50.05,0.0018483305861614892,58.73764889795752,10.4646870056596,True,False,0,2.6540857760511494,753,37687.65,4767266.95
KALYANKJIL,116.4,0.001459161760668427,44.021216590251846,10.3167471301542,True,False,0,5.429323908029942,368,42835.200000000004,4810102.15
LTF,89.95,0.001062781381119882,30.43376255359378,9.39807408314321,True,False,0,2.7962105842320546,715,64314.25,4874416.4
FSL,113.8,0.0011107165813401783,32.0062581015937,9.145886835690657,True,False,0,3.135288695492339,637,72490.59999999999,4946907.0
IOB,24.65,0.002083497196683458,68.34988881359779,8.6375690544361,False,False,0,1.5069307462289914,1327,32710.55,4979617.55
DALBHARAT,1800.0,0.0009626644773583791,27.209623606463175,8.487137342626948,True,False,0,56.78353375457388,35,63000.0,5042617.55
ABCAPITAL,153.65,0.0012889945188276223,38.02278989581751,8.379423509980537,True,False,0,4.280212862701287,467,71754.55,5114372.1
RVNL,66.6,0.0018145194771229183,57.40152982297775,7.3872718489185445,True,False,0,3.3204812367246284,602,40093.2,5154465.3
KNRCON,272.15,0.0008921952851605083,24.9881593078332,6.921340607385154,True,False,0,8.86991042664088,225,61233.74999999999,5215699.05
ULTRACEMCO,7226.4,0.0005676980724790658,15.24896531677884,5.653831830913567,True,False,0,142.11025128248548,14,101169.59999999999,5316868.649999999
BALKRISIND,2025.65,0.0009266653887903884,26.069902288539627,5.393456249071294,False,False,0,54.90049878055217,36,72923.40000000001,5389792.05
VBL,671.9,0.0011023000454623885,31.728791265814337,5.316847518543181,True,False,0,25.149821389279403,79,53080.1,5442872.149999999
OFSS,3242.2,0.0005293489131828043,14.149319817336114,5.1134980642726635,True,False,0,53.839811202131926,37,119961.4,5562833.55
RAMCOCEM,729.55,0.000736384829752473,20.21314715222642,4.981251948646554,True,False,0,20.55043772966432,97,70766.34999999999,5633599.899999999
HINDZINC,304.4,0.0008857760480193413,24.787738011215943,4.503059140443002,False,False,0,9.134835602344811,218,66359.2,5699959.1
INDIAMART,2377.73,0.0007725180386855592,21.303988374327364,4.501733696309803,True,False,0,58.49790700218285,34,80842.82,5780801.92
CRAFTSMAN,3159.2,0.0007495928225117496,20.610746821950876,4.143987647565959,False,False,0,124.89847596810061,16,50547.2,5831349.12
CSBBANK,234.7,0.0008873403916463378,24.836550281160118,3.9161292478153165,False,False,0,8.737817255275061,228,53511.6,5884860.72
INDIANB,289.05,0.0007375964822322181,20.249566807401685,3.7356901852860958,True,False,0,10.581310316864059,189,54630.450000000004,5939491.17
TCS,3331.0,0.0005155825377978842,13.757139470533541,3.673931545427692,False,False,0,58.33131217034551,34,113254.0,6052745.17
KPRMILL,575.65,0.000818430362162179,22.704346701393384,3.2759472496252022,True,False,0,18.09791256051001,110,63321.5,6116066.67
ZFCVINDIA,10195.2,0.0007441246856449264,20.445980450435574,2.9812870676911136,True,False,0,235.5404755848271,8,81561.6,6197628.27
GICRE,142.7,0.001248534269873345,36.63371790400121,2.8717712344145117,False,False,0,9.157811791274469,218,31108.6,6228736.869999999
TRITURBINE,339.65,0.000890544973677305,24.936602595502254,2.6860843438322157,True,False,0,13.828845111849242,144,48909.6,6277646.469999999
MFSL,675.75,0.0008849544895399642,24.762110537046777,2.6812017432084265,False,False,0,24.88049136090663,80,54060.0,6331706.469999999
CHOLAFIN,752.75,0.0006277261922096444,16.99155281634921,2.5640003095667283,True,False,0,19.302030149989708,103,77533.25,6409239.719999999
INDIGO,1889.8,0.0007699675384214963,21.226666564512307,2.474127429313703,False,False,0,51.01110492248729,39,73702.2,6482941.919999999
BAJAJ-AUTO,3821.9,0.0004816102533523693,12.795083184738075,2.344146533893252,True,False,0,74.84002251791479,26,99369.40000000001,6582311.319999999
ECLERX,1484.85,0.0006142805797687485,16.59895725248257,2.3336500196740224,True,False,0,43.50037046678762,45,66818.25,6649129.569999999
KEI,1646.9,0.0006679771836539559,18.174752449903075,2.213304314092142,True,False,0,52.26455804347496,38,62582.200000000004,6711711.77
HDFCBANK,1588.65,0.0003887029890076803,10.205403957131853,1.897976492052625,False,False,0,28.65742879789286,69,109616.85,6821328.619999999
POWERINDIA,3432.3,0.0006615304326279447,17.984445047497587,1.875809280049168,True,False,0,101.76897204873347,19,65213.700000000004,6886542.319999999
SWSOLAR,331.25,0.0006310593724253576,17.08908192828238,1.8695130423088107,True,False,0,8.889130183074807,224,74200.0,6960742.319999999
HCLTECH,1116.3,0.0005014270574061645,13.355279216247107,1.858523802017839,True,False,0,21.8629173345933,91,101583.3,7062325.619999999
REDINGTON,168.85,0.0007003500969433284,19.13504840900866,1.7803264868754507,False,False,0,6.32939250651057,315,53187.75,7115513.369999999
HOMEFIRST,678.1,0.0004660484096776946,12.357110831370989,1.7624880915071692,False,False,0,25.016481253948168,79,53569.9,7169083.27
TATASTEEL,108.1,0.0006261797379702331,16.946331037886942,1.724412644195933,False,False,0,2.9810896269280587,670,72427.0,7241510.27
SAIL,88.1,0.000506442169186793,13.497490697475722,1.5961713401807425,True,False,0,2.619583378348801,763,67220.3,7308730.569999999
ABBOTINDIA,20554.7,0.0005208853285248345,13.908047053426298,1.5846290413473958,True,False,0,442.33589498463584,4,82218.8,7390949.369999999
MAHABANK,26.8,0.0009878508567616288,28.01313811535082,1.5571089889983112,False,False,0,1.4596825421834716,1370,36716.0,7427665.369999999
KPIL,580.75,0.0005747573519816594,15.452538563636352,1.518688862205831,True,False,0,19.507452609911876,102,59236.5,7486901.869999999
VOLTAS,893.6,0.0005427325691193509,14.53189329484983,1.4269224159641327,True,False,0,20.30831529595723,98,87572.8,7574474.669999999
BALRAMCHIN,399.35,0.0005834434108773624,15.703517855029325,1.329800577789793,True,False,0,11.643031969795704,171,68288.85,7642763.519999999
GODFRYPHLP,1915.45,0.0006595666249498385,17.926534574525064,1.14699217810767,True,False,0,82.10238167382509,24,45970.8,7688734.319999998
M&M,1226.7,0.00042067958677274186,11.089933244664586,1.116272177636678,False,False,0,30.507070795056592,65,79735.5,7768469.819999998
HINDPETRO,153.13,0.0005792415330997962,15.582038661179487,1.073594496459247,True,False,0,4.299063753552692,465,71205.45,7839675.269999999
PNB,49.9,0.0007861111662670241,21.716914744572623,1.0677919143362185,False,False,0,2.040369548955212,980,48902.0,7888577.269999999
BPCL,163.03,0.00047094780132110554,12.494815520278912,1.0520325902966499,False,False,0,3.603580406882201,555,90481.65,7979058.919999999
CENTRALBK,26.3,0.0010183371966497566,28.9925286381306,1.017523553553827,False,False,0,1.4466784362657974,1382,36346.6,8015405.519999999
JKLAKSHMI,682.8,0.0007721647061603529,21.293273686431966,0.9879975831318758,False,False,0,28.91862674795131,69,47113.2,8062518.719999999
NIACL,104.05,0.000862023149123123,24.048916196139626,0.9562921689697887,False,False,0,5.40452399195486,370,38498.5,8101017.219999999
IGL,443.9,0.0002925668920378949,7.5883003487536405,0.7183975466056988,True,False,0,11.228775755257413,178,79014.2,8180031.419999999
IIFL,424.52,0.0004950168555601989,13.17376714120584,0.5501004885551127,False,False,0,18.722559988678764,106,44999.119999999995,8225030.539999999
SCHNEIDER,159.3,0.0005176459686505713,13.81583710687151,0.4439538102473534,False,False,0,8.142111439821313,245,39028.5,8264059.039999999
MGL,986.35,0.00030255227651027815,7.857213495173898,0.4439316243246244,True,False,0,23.173453449521617,86,84826.1,8348885.139999999
TATAMOTORS,435.85,0.00035337987620944817,9.236488911857998,0.4235772892533004,True,False,0,10.317786192187897,193,84119.05,8433004.19
BANDHANBNK,224.85,0.00031800560204415173,8.27470759276261,0.3579195587194246,False,False,0,7.4425430189792765,268,60259.799999999996,8493263.99
ABB,3377.4,0.000404413296546571,10.639095274775713,0.3333698403965189,True,False,0,84.88238726948774,23,77680.2,8570944.19
PRINCEPIPE,586.05,0.00029227355182091135,7.580410644210311,0.2991769116776215,True,False,0,17.184150234882658,116,67981.79999999999,8638925.99
INTELLECT,429.4,0.0002793948510899103,7.234593673805478,0.2985765470973048,False,False,0,15.788556316928847,126,54104.399999999994,8693030.39
CHALET,376.15,0.0002730632768236411,7.064986995436784,0.22735896056649535,True,False,0,12.172158135049827,164,61688.6,8754718.99
NMDC,114.5,0.0002927604146075488,7.593505665755695,0.21684039838394417,False,False,0,3.464227735498657,577,66066.5,8820785.49
TECHM,1061.25,0.00022581692516856908,5.807818682059218,0.14739902264511973,True,False,0,24.483991858667103,81,85961.25,8906746.74
360ONE,442.4,0.00017340835170370712,4.43055174927498,0.13452147518044133,False,False,0,15.152465277548409,131,57954.399999999994,8964701.14
JUSTDIAL,599.0,0.00021660722201283692,5.5644842688642004,0.12479418715005379,False,False,0,19.40694083444955,103,61697.0,9026398.14
IRFC,28.0,0.00041439917735801567,10.915647538012752,0.11804570038537147,False,False,0,1.2620984394319739,1584,44352.0,9070750.14
ALKEM,3145.85,0.00017296981278226847,4.419103161484839,0.10620353198460536,True,False,0,67.99588693486399,29,91229.65,9161979.790000001
WIPRO,389.1,7.23586095954394e-05,1.825426123496543,0.01631931865206984,False,False,0,6.677663474295244,299,116340.90000000001,9278320.690000001
ENGINERSIN,80.1,0.00014406691452451936,3.6673188469250606,0.01572632162605159,True,False,0,2.894860945061096,690,55268.99999999999,9333589.690000001
EPL,161.2,9.938777237285891e-05,2.5158200972726252,0.008515431227241202,True,False,0,5.678876595515637,352,56742.399999999994,9390332.090000002
AIAENG,2800.35,7.738510954783689e-05,1.953462928662586,0.004865249003555962,True,False,0,77.53498713286162,25,70008.75,9460340.840000002
SUNDARMFIN,2288.3,3.9013439308804396e-05,0.9801078855292467,0.003572619742529597,False,False,0,48.023293260253084,41,93820.3,9554161.140000002
SONACOMS,436.3,6.538685747310371e-05,1.6481052903239757,0.0027945857397490607,False,False,0,15.158230774270649,131,57155.3,9611316.440000003
KARURVYSYA,101.3,5.823711385789315e-05,1.4665780998138533,0.001910241807964263,False,False,0,4.187795984046632,477,48320.1,9659636.540000003
SUZLON,8.4,8.15256862855523e-05,2.059054104510083,0.0009484867072874724,False,False,0,0.4808645894375929,4159,34935.6,9694572.140000002
IDFC,78.25,4.012509879540304e-05,1.0081756592918323,0.00039271910866985776,False,False,0,2.8426442475123093,703,55009.75,9749581.890000002
RAJESHEXPO,625.55,5.21145464714144e-05,1.3113879099403647,0.0002720351291580443,False,False,0,45.49925307364386,43,26898.649999999998,9776480.540000003
ASHOKLEY,145.4,-3.822716308744004e-06,-0.09552225613628229,-2.3046621648181933e-06,False,False,0,3.6580085113052014,546,79388.40000000001,9855868.940000003
UNIONBANK,70.55,-1.870151532904141e-05,-0.4664466262069178,-8.87657249872939e-06,False,False,0,3.3447487540182195,597,42118.35,9897987.290000003
RAYMOND,1285.5,-3.891569997204548e-05,-0.968175210668043,-0.0001771190953584663,False,False,0,62.08824978529444,32,41136.0,9939123.290000003
JYOTHYLAB,193.4,-2.6205001189065347e-05,-0.6529837642430869,-0.00025086591020870535,False,False,0,6.5972081200408885,303,58600.200000000004,9997723.490000002
BANKBARODA,167.8,-4.0694215983646814e-05,-1.0121978445858049,-0.0002841241147257516,False,False,0,6.01200589959374,332,55709.600000000006,10053433.090000002
TVSMOTOR,1072.2,-4.988395370693885e-05,-1.2393547904794966,-0.0014410684641502647,True,False,0,30.045756875898938,66,70765.2,10124198.290000001
HUDCO,47.6,-9.867757345214141e-05,-2.436759073473038,-0.0020813579700783118,True,False,0,1.924149040295856,1039,49456.4,10173654.690000001
KAJARIACER,1083.2,-6.439409184256045e-05,-1.5969634305743274,-0.0029268068152497645,False,False,0,32.67533226276545,61,66075.2,10239729.89
GSFC,126.7,-9.922623712304075e-05,-2.4501405071913007,-0.006658365789827553,False,False,0,4.5896014971174495,435,55114.5,10294844.39
IDBI,47.7,-0.00016558071328168951,-4.055009877923399,-0.015123167838337719,False,False,0,1.8962187970036508,1054,50275.8,10345120.190000001
RHIM,638.15,-0.0002459165584290148,-5.962743792418957,-0.016975548690918753,False,False,0,32.936273755690245,60,38289.0,10383409.190000001
BANKINDIA,76.25,-0.0002575860129740382,-6.236684876960852,-0.023909734838042446,False,False,0,4.089023737346028,489,37286.25,10420695.440000001
POWERGRID,169.91,-9.146877557124405e-05,-2.2607721181962637,-0.02676826133576867,True,False,0,3.2968077015936985,606,102965.45999999999,10523660.900000002
NTPC,180.75,-9.382305603381101e-05,-2.3182815810165236,-0.0286001760053244,True,False,0,3.3382628895946556,599,108269.25,10631930.150000002
MINDACORP,206.2,-0.00014735384461342694,-3.6168180945357453,-0.02983400339406004,False,False,0,8.568279381633596,233,48044.6,10679974.750000002
SCHAEFFLER,2919.8,-0.00016364784817144058,-4.0086364936611,-0.03233175874820724,True,False,0,81.10993565944699,24,70075.20000000001,10750049.950000001
DRREDDY,4395.55,-0.00010759489588209719,-2.6540175321904336,-0.04759919627621076,False,False,0,79.9655119714007,25,109888.75,10859938.700000001
ASTRAZEN,3314.55,-9.532895164561433e-05,-2.3550492773222964,-0.05201123940992307,False,False,0,73.70821070241863,27,89492.85,10949431.55
EXIDEIND,183.5,-0.00014538763884880003,-3.5694291564696834,-0.0531059214779179,True,False,0,4.246242522292235,471,86428.5,11035860.05
HAVELLS,1215.8,-0.0001502825903924174,-3.687362724767018,-0.05426841611316646,True,False,0,28.21144014581871,70,85106.0,11120966.05
MHRIL,279.5,-0.00016052902326613253,-3.9337622436962483,-0.0547267726467372,True,False,0,8.718925916172571,229,64005.5,11184971.55
TRIVENI,287.4,-0.0001861437051520478,-4.546973277534805,-0.0983193848251358,True,False,0,9.35899360776039,213,61216.2,11246187.75
GODREJIND,421.75,-0.00023198190811259302,-5.6345784451407805,-0.11575137917105562,False,False,0,10.465882288519037,191,80554.25,11326742.0
YESBANK,16.5,-0.0004283837708272451,-10.15605298595773,-0.11812618145797965,False,False,0,0.7619407425536282,2624,43296.0,11370038.0
CREDITACC,944.05,-0.00025217378365904284,-6.1097318682865165,-0.12583024174677507,True,False,0,32.89501061444088,60,56643.0,11426681.0
IRCON,54.1,-0.00037446065295155666,-8.936686007362027,-0.13720654900857746,False,False,0,2.654222610216064,753,40737.3,11467418.3
GLENMARK,428.65,-0.0002342413865512011,-5.687867551861981,-0.16012899451306115,True,False,0,12.314690001146316,162,69441.3,11536859.600000001
BSOFT,279.3,-0.00027454163361121845,-6.633297481709377,-0.1714263868824381,False,False,0,9.83325819754283,203,56697.9,11593557.500000002
CHOLAHLDNG,571.4,-0.000216095515940653,-5.259051694531314,-0.17609440517197544,False,False,0,17.731022053249546,112,63996.799999999996,11657554.300000003
STLTECH,164.85,-0.00024938770669598683,-6.044312709803568,-0.17916489624838616,False,False,0,6.132221027670826,326,53741.1,11711295.400000002
HINDUNILVR,2465.45,-0.00020925805980498446,-5.096966433066141,-0.17960180042684337,False,False,0,45.534902917141814,43,106014.34999999999,11817309.750000002
HINDALCO,405.65,-0.00033397438354153226,-8.010302222193854,-0.18977677010239483,False,False,0,13.436097187808324,148,60036.2,11877345.950000001
MANAPPURAM,114.4,-0.00031013552622212947,-7.4604329979321315,-0.21750916537246948,True,False,0,3.5177813288232067,568,64979.200000000004,11942325.15
HAL,1424.65,-0.00031899832700450705,-7.665245948799315,-0.22822885919528954,True,False,0,38.057556010632226,52,74081.8,12016406.950000001
BHARATFORG,820.9,-0.00019706011590861893,-4.807119245453439,-0.22913088523503988,False,False,0,22.802773599895133,87,71418.3,12087825.250000002
NH,789.85,-0.00020628483393933696,-5.026398170859869,-0.2592100367385389,True,False,0,19.10299992322131,104,82144.40000000001,12169969.650000002
GAEL,125.08,-0.000301976168038921,-7.271474472592154,-0.3028909154398356,True,False,0,4.564957751108586,438,54785.04,12224754.690000001
SANOFI,5758.25,-0.00025258960115502827,-6.119491665038446,-0.3038032930263182,True,False,0,84.7403637090282,23,132439.75,12357194.440000001
THERMAX,2181.45,-0.00039969617317676373,-9.50938508842032,-0.31418802390819905,True,False,0,58.72759907350737,34,74169.29999999999,12431363.740000002
GMRINFRA,39.45,-0.0003640409249273383,-8.699163034881252,-0.3517680685867391,True,False,0,1.0720098865153638,1865,73574.25,12504937.990000002
MAXHEALTH,457.75,-0.00022589308318715358,-5.490825429312995,-0.3523636288855923,True,False,0,12.832074566411697,155,70951.25,12575889.240000002
MASTEK,1658.6,-0.00030685291227931886,-7.3844589097697195,-0.37614973341195945,False,False,0,51.513142954767815,38,63026.799999999996,12638916.040000003
ROUTE,1348.3,-0.0003835269448892287,-9.14285391915749,-0.3896741732899212,True,False,0,44.27987076843073,45,60673.5,12699589.540000003
IDFCFIRSTB,56.1,-0.0003177742614697047,-7.63698567744131,-0.3981548861957411,False,False,0,1.72595531008683,1158,64963.8,12764553.340000004
LTIM,4640.1,-0.00044295187301435424,-10.482671798144294,-0.4219572911415948,True,False,0,121.66501620013075,16,74241.6,12838794.940000003
RCF,102.6,-0.0006741465578776954,-15.50996938471293,-0.42781815090810194,False,False,0,5.518239746063214,362,37141.2,12875936.140000002
AXISBANK,851.9,-0.00036259826235533586,-8.666228020904331,-0.4654177012182552,False,False,0,19.27965377053504,103,87745.7,12963681.840000002
KSB,416.76,-0.00032184639301206124,-7.730966417575269,-0.51187059062863,True,False,0,12.037277618405083,166,69182.16,13032864.000000002
CAMS,2291.8,-0.00029423731830665727,-7.091897782743906,-0.5229359235038489,False,False,0,41.267667862439694,48,110006.40000000001,13142870.400000002
JSWSTEEL,679.4,-0.0003616293034782741,-8.644100673668131,-0.5738614311990178,False,False,0,16.585344110839902,120,81528.0,13224398.400000002
IEX,148.9,-0.0003450503074397429,-8.264667616203758,-0.6399536221164975,True,False,0,3.4350209704962196,582,86659.8,13311058.200000003
SOLARINDS,3769.3,-0.00046185729849334146,-10.904764326897931,-0.6914053933697255,False,False,0,113.44352096705182,17,64078.100000000006,13375136.300000003
MARICO,496.6,-0.00029023229755688665,-6.9988264771538855,-0.6961654294070623,False,False,0,9.569497620666093,208,103292.8,13478429.100000003
ASTRAL,1428.71,-0.0003920367817412728,-9.335943323909035,-0.7187786011579274,False,False,0,43.2762173515484,46,65720.66,13544149.760000004
INFY,1471.55,-0.00035692023267390563,-8.536486991459535,-0.7289083890123689,False,False,0,28.784110860390406,69,101536.95,13645686.710000003
MRF,85111.2,-0.0003235746354259719,-7.770823620923739,-0.7612211041279198,False,False,0,1782.9174449623454,1,85111.2,13730797.910000002
VEDL,279.85,-0.0004311113941601018,-10.217297213732868,-0.7678000673932517,False,False,0,9.045516337663603,221,61846.850000000006,13792644.760000002
BRIGADE,463.55,-0.00044488636084830655,-10.525953876801719,-0.9761595057605434,False,False,0,15.19888333109859,131,60725.05,13853369.810000002
UTIAMC,654.3,-0.0008133503293783481,-18.399727318991065,-0.9890711651010965,False,False,0,26.39923830154992,75,49072.5,13902442.310000002
PEL,745.4,-0.0004908785335769945,-11.548838468030809,-1.0081160354829348,False,False,0,26.894313335585608,74,55159.6,13957601.910000002
POONAWALLA,295.35,-0.00047144100134071716,-11.117974373139228,-1.0170113376135943,False,False,0,9.945503275155286,201,59365.350000000006,14016967.260000002
GUJGASLTD,510.2,-0.0005115638893511329,-12.005068726873326,-1.1161503973089129,True,False,0,14.202492195066245,140,71428.0,14088395.260000002
UJJIVANSFB,26.35,-0.0005940162260857025,-13.800348954390085,-1.170018215628202,False,False,0,1.3069941886642789,1530,40315.5,14128710.760000002
AUBANK,624.5,-0.0004477451341943304,-10.589877535730386,-1.235316995361515,False,False,0,16.039438060256252,124,77438.0,14206148.760000002
MRPL,58.85,-0.0005963394955091478,-13.850400670927776,-1.2981922108620385,True,False,0,1.7504248714624597,1142,67206.7,14273355.46
SHYAMMETL,279.65,-0.00048438411375220636,-11.405112077918345,-1.3410964223891872,False,False,0,8.512448890751108,234,65438.09999999999,14338793.56
FEDERALBNK,133.0,-0.00037799392002583115,-9.017088244063665,-1.3679794545013317,False,False,0,3.6770548299716315,543,72219.0,14411012.56
POLYMED,989.25,-0.0005704043204440071,-13.290009669202918,-1.3735494440403475,True,False,0,29.65766373666467,67,66279.75,14477292.31
AAVAS,1788.05,-0.000503532261021203,-11.828205578183015,-1.4945946990536747,False,False,0,61.127643707769906,32,57217.6,14534509.91
3MINDIA,23582.8,-0.00042075688482893196,-9.984582178989942,-1.6498646869192584,True,False,0,568.7187144607041,3,70748.4,14605258.31
SHRIRAMFIN,1269.65,-0.0005408558078715162,-12.647100155469616,-1.6554430438908054,False,False,0,38.264422891113796,52,66021.8,14671280.110000001
INDUSINDBK,1144.8,-0.0005692874928694886,-13.265796262039409,-1.6611821194466567,False,False,0,32.94436650565836,60,68688.0,14739968.110000001
MARUTI,8601.55,-0.00046253092115562726,-10.919767206039332,-1.7341345421656238,False,False,0,147.51929312786802,13,111820.15,14851788.260000002
JBCHEPHARM,981.2,-0.0003760780358487097,-8.973499625798443,-1.7635248621590465,False,False,0,26.67281393163999,74,72608.8,14924397.060000002
NLCINDIA,81.35,-0.000703516707016247,-16.12806859946553,-1.808601674520738,True,False,0,2.8889720520032474,692,56294.2,14980691.260000002
HEG,1005.45,-0.000522777472671349,-12.251407895836552,-1.8396784686835475,False,False,0,29.484410905493608,67,67365.15000000001,15048056.410000002
BHEL,77.0,-0.000820582902625062,-18.547138995389435,-1.9275162288253795,True,False,0,2.771811544844953,721,55517.0,15103573.410000002
ESCORTS,1963.3,-0.0006494789715914077,-14.987318193052456,-1.963124746797327,False,False,0,62.759422535839434,31,60862.299999999996,15164435.710000003
HINDCOPPER,100.7,-0.000913095132389657,-20.409367569543036,-2.084067660768633,False,False,0,3.7381890890453575,535,53874.5,15218310.210000003
GRINDWELL,1825.2,-0.0006518762656799212,-15.038253028191251,-2.0863337301721345,False,False,0,58.83462484599333,33,60231.6,15278541.810000002
TIINDIA,2701.75,-0.0007500628290263962,-17.09839034904139,-2.0960253095155834,False,False,0,101.98180939871794,19,51333.25,15329875.060000002
COROMANDEL,914.7,-0.0004849315262211944,-11.417235734903397,-2.117372495320405,False,False,0,21.253656317264927,94,85981.8,15415856.860000003
CHAMBLFERT,286.3,-0.0005809594841983971,-13.518517581073809,-2.1410258205344657,False,False,0,8.926704296605978,224,64131.200000000004,15479988.060000002
LICHSGFIN,351.25,-0.00074525754262028,-16.9987390098985,-2.3578295068252926,False,False,0,10.853363877829981,184,64630.0,15544618.060000002
APOLLOHOSP,4317.25,-0.0005983815158013214,-13.894369254377237,-2.4164099254533746,False,False,0,107.61798692963536,18,77710.5,15622328.560000002
INDHOTEL,317.35,-0.0005753108715149071,-13.396306211178178,-2.431291459615197,False,False,0,8.66165830771547,230,72990.5,15695319.060000002
LODHA,451.85,-0.0010278938793858489,-22.661126838493793,-2.6040023984577054,False,True,1,21.820944965600567,91,41118.35,15736437.410000002
GESHIP,606.4,-0.0009622840074547297,-21.382117669523304,-2.6107890058640777,False,False,0,26.150729789030244,76,46086.4,15782523.810000002
CESC,70.9,-0.0005809339927569769,-13.517966444908714,-2.6556477340924602,False,False,0,1.5926978577264104,1255,88979.5,15871503.310000002
MOTILALOFS,149.58,-0.0007858440282263704,-17.836663142591426,-2.7134660570275377,False,False,0,4.645448854657458,430,64319.40000000001,15935822.710000003
BDL,459.98,-0.000706518920453295,-16.190995341433034,-2.852230917847395,False,False,0,18.432341542013056,108,49677.840000000004,15985500.550000003
PGHH,13757.6,-0.00035870984499481394,-8.57739889616922,-2.8835944641483566,False,False,0,270.5407695613978,7,96303.2,16081803.750000002
SUNPHARMA,955.55,-0.0005181701809147605,-12.150278824363214,-3.358058988917457,False,False,0,19.031497807690176,105,100332.75,16182136.500000002
ICICIGI,1075.15,-0.0008342913679806359,-18.825809635086653,-3.5429457414648873,False,False,0,24.613412364815346,81,87087.15000000001,16269223.650000002
NBCC,37.65,-0.0011660314992239954,-25.286386997227517,-3.77840210533396,True,False,0,1.2963949447758172,1542,58056.299999999996,16327279.950000003
TIMKEN,2819.9,-0.001124995460075161,-24.515954128174755,-3.8771329403703017,False,True,1,103.97905239308368,19,53578.1,16380858.050000003
SUMICHEM,445.8,-0.0007022897137397721,-16.10233707913705,-4.110448128830865,False,False,0,14.291901205473437,139,61966.200000000004,16442824.250000002
LTTS,3663.3,-0.000991921338275017,-21.962471045625477,-4.111761178996255,False,False,0,99.47493878207399,20,73266.0,16516090.250000002
MAHLIFE,357.8,-0.0007982888440511611,-18.091892799641805,-4.143734980746468,False,False,0,14.312543817335063,139,49734.200000000004,16565824.450000001
TORNTPOWER,535.9,-0.0010346606084104173,-22.791849036542878,-4.434515456841526,True,False,0,13.732947005597534,145,77705.5,16643529.950000001
AUROPHARMA,453.5,-0.001055399451735456,-23.191115039324384,-4.465453473023229,False,False,0,11.922909221021964,167,75734.5,16719264.450000001
BBTC,874.8,-0.0007797736684779522,-17.711878227161137,-4.6065985850159095,False,False,0,25.125870591400954,79,69109.2,16788373.650000002
VAIBHAVGBL,312.6,-0.0009810466808696967,-21.750024543078073,-4.908389563470178,False,False,0,10.33728450023395,193,60331.8,16848705.450000003
AMBER,1992.75,-0.0006773416911526782,-15.577431664308051,-4.924411839005848,True,False,0,48.39035715641851,41,81702.75,16930408.200000003
TATACOMM,1201.9,-0.000837116568877152,-18.883122741421875,-4.92700121581254,False,False,0,34.771004619682905,57,68508.3,16998916.500000004
NHPC,41.05,-0.0007995529582266817,-18.117774009675035,-4.927840241388023,False,False,0,1.2071282888545443,1656,67978.79999999999,17066895.300000004
GMDCLTD,142.45,-0.000996589761961049,-22.053495979565696,-5.137201969882301,False,False,0,5.412336690315923,369,52564.049999999996,17119459.350000005
UPL,711.65,-0.0007461824244808149,-17.017928381497292,-5.205154472339332,False,False,0,17.008939552435525,117,83263.05,17202722.400000006
TATACHEM,980.75,-0.0009406656461667673,-20.956069953921684,-5.292364005548325,False,False,0,24.468946790806665,81,79440.75,17282163.150000006
OLECTRA,704.1,-0.001523255413414248,-31.669492727003313,-5.396536657370027,True,True,3,24.72862017908174,80,56328.0,17338491.150000006
EASEMYTRIP,49.0,-0.0015152400892956828,-31.5324326595135,-5.447850724506707,False,True,1,2.579873195528869,775,37975.0,17376466.150000006
BLS,163.35,-0.001082450749311453,-23.70880753540343,-5.566057886092708,False,False,0,8.664327035405737,230,37570.5,17414036.650000006
CANBK,59.64,-0.0010060875583533424,-22.23835642802041,-5.740163568757874,False,False,0,2.0688290498373725,966,57612.24,17471648.890000004
JKCEMENT,2809.55,-0.001017327185785202,-22.45655270440745,-5.8290265498978355,False,False,0,86.4811163894078,23,64619.65,17536268.540000003
VGUARD,247.15,-0.0007008678914472473,-16.072509886474194,-5.856910548936192,False,False,0,6.742942970640821,296,73156.40000000001,17609424.94
GLAXO,1297.55,-0.000624241921211792,-14.449255254326577,-5.869502886878797,False,False,0,22.83488974039725,87,112886.84999999999,17722311.790000003
ARE&M,573.3,-0.0011176372329523756,-24.376969143563443,-6.0229663454818105,False,False,0,16.697493267259933,119,68222.7,17790534.490000002
TATAELXSI,6249.3,-0.0009041463874645967,-20.231109178272877,-6.0446750614537015,False,False,0,148.5308146283447,13,81240.90000000001,17871775.39
LUPIN,656.1,-0.00102192331169749,-22.545601396596105,-6.077629410732881,False,False,0,17.886439286204443,111,72827.1,17944602.490000002
NAVINFLUOR,4184.9,-0.0008950005779178408,-20.048512737985824,-6.0972194102713635,False,False,0,120.36490577171207,16,66958.4,18011560.89
JKPAPER,389.0,-0.0007184144049185129,-16.43986228714901,-6.165419524746387,False,False,0,12.252567942853608,163,63407.0,18074967.89
AJANTPHARM,1219.9,-0.0007288645418513742,-16.657881092655423,-6.62185253940552,True,False,0,33.58539759246828,59,71974.1,18146941.990000002
DABUR,529.95,-0.000840343313570572,-18.948532218723614,-6.919913058596321,False,False,0,10.548452668268283,189,100160.55,18247102.540000003
HBLPOWER,104.85,-0.0010593845199282088,-23.267599094821524,-6.943286948057041,True,False,0,4.288616192238187,466,48860.1,18295962.640000004
BAJAJHLDNG,6066.2,-0.001070778209499236,-23.485854394599404,-6.960750049435958,False,False,0,154.93036572618215,12,72794.4,18368757.040000003
HDFCLIFE,490.25,-0.0014132137876458587,-29.76359691587608,-7.009599854412582,False,False,0,13.849799429249506,144,70596.0,18439353.040000003
FORTIS,270.95,-0.0006651057585206743,-15.318789059613424,-7.130915360891168,False,False,0,7.540483978568199,265,71801.75,18511154.790000003
OBEROIRLTY,879.25,-0.0009255691908126788,-20.657185506493725,-7.257771179429431,True,False,0,25.46580477752615,78,68581.5,18579736.290000003
ASTERDM,231.2,-0.0011663326242426601,-25.292011320049678,-7.675624642912266,True,False,0,7.15420332649677,279,64504.799999999996,18644241.090000004
SRF,2292.55,-0.0009208499290404271,-20.56352038574468,-7.82202310643169,False,False,0,53.070701701814784,37,84824.35,18729065.440000005
MCX,1479.05,-0.0011599662784977686,-25.17301242519453,-8.61311145970181,False,False,0,42.07080203964839,47,69515.34999999999,18798580.790000007
BAYERCROP,4131.25,-0.0010034997229896416,-22.188031567924348,-9.244273161043282,False,False,0,93.47881410774025,21,86756.25,18885337.040000007
HEROMOTOCO,2440.3,-0.001034942277028687,-22.79728562342803,-9.290114800112912,False,False,0,54.25192092077981,36,87850.8,18973187.840000007
SYNGENE,581.2,-0.0008951467810307426,-20.051434973658466,-9.484844167786097,False,False,0,14.225334751160618,140,81368.0,19054555.840000007
DCMSHRIRAM,853.25,-0.0012372527417747181,-26.60491287015877,-10.04972668206268,False,False,0,24.010748769942307,83,70819.75,19125375.590000007
ELECON,199.05,-0.0015710552530795467,-32.48118007518086,-10.104080562570616,False,False,0,8.457085641013176,236,46975.8,19172351.390000008
IPCALAB,798.65,-0.0008422598664073937,-18.987357771705494,-10.28025239503603,False,False,0,19.192945492781703,104,83059.59999999999,19255410.99000001
KIMS,1401.55,-0.0010264099768949068,-22.632430679402503,-10.468981803475165,False,False,0,40.81319225837155,49,68675.95,19324086.94000001
BIRLACORPN,881.6,-0.0012315285424008312,-26.49980565331571,-10.601240960480297,False,False,0,27.766760074575288,72,63475.200000000004,19387562.140000008
NETWORK18,58.25,-0.0015769316363273965,-32.58029886543298,-10.705139096053772,False,False,0,2.163746122776614,924,53823.0,19441385.140000008
ELGIEQUIP,469.0,-0.0020357481562682275,-39.88657784810526,-10.89554080308307,True,False,0,18.514899602944116,108,50652.0,19492037.140000008
TEJASNET,631.65,-0.0015080710080886666,-31.40961023932416,-11.435071833773343,True,False,0,25.60404315529015,78,49268.7,19541305.840000007
KRBL,360.9,-0.0014126057013996891,-29.752918656559004,-11.85647085988183,False,False,0,14.050148187245531,142,51247.799999999996,19592553.640000008
BERGEPAINT,490.92,-0.0010785295752545382,-23.633983105279366,-12.252139425755962,True,False,0,10.434978325547432,191,93765.72,19686319.360000007
SOBHA,546.14,-0.0011929567175022369,-25.787618219250596,-12.389728255190814,False,False,0,17.635029167972416,113,61713.82,19748033.180000007
SKFINDIA,4424.9,-0.0011456789128583154,-24.905264400320306,-12.896284975302496,False,False,0,114.21591678465484,17,75223.29999999999,19823256.480000008
CLEAN,1442.75,-0.0011259751730236668,-24.534440038507178,-13.874752122400112,False,False,0,37.895637321378686,52,75023.0,19898279.480000008
COALINDIA,224.35,-0.0012208571931234826,-26.30345729557597,-14.280630266201188,False,False,0,4.88298243881903,409,91759.15,19990038.630000006
ANURAS,747.15,-0.0018102653406576643,-36.40061179868216,-14.483449579150907,True,False,0,17.02266379834044,117,87416.55,20077455.180000007
NATCOPHARM,554.85,-0.0011659675414941175,-25.28519235940776,-14.50561198984371,False,False,0,12.638052973379219,158,87666.3,20165121.480000008
SBILIFE,1095.9,-0.0014037017722299144,-29.59637573114312,-14.575205322020338,False,False,0,30.984862318765447,64,70137.6,20235259.08000001
GRSE,425.1,-0.0016916000082078519,-34.485585709371435,-14.777503041243977,False,False,0,21.494790306568547,93,39534.3,20274793.38000001
PIIND,3107.75,-0.0014291882337480273,-30.043534471762033,-14.9437341788335,False,False,0,88.73310300641553,22,68370.5,20343163.88000001
EIHOTEL,165.95,-0.0013455152067966363,-28.564754336626873,-15.330874088706173,False,False,0,6.0336834993808806,331,54929.45,20398093.33000001
VARROC,260.3,-0.0014631187463973521,-30.634439399788114,-15.699087975492517,False,False,0,8.833950116110342,226,58827.8,20456921.13000001
EICHERMOT,3116.1,-0.0013054410268940272,-27.84548009060407,-16.34170279935979,False,False,0,82.45473072055705,24,74786.4,20531707.53000001
ENDURANCE,1229.8,-0.0015023507683902216,-31.311451702147753,-16.431172857116422,False,False,0,41.465625002842124,48,59030.399999999994,20590737.930000007
TRENT,1341.0,-0.0018883663077546916,-37.63036059040231,-16.566968537304874,False,False,0,36.95582529351701,54,72414.0,20663151.930000007
AVANTIFEED,364.55,-0.0013881007558405006,-29.321247520924643,-16.827961598297502,False,False,0,9.649214779589608,207,75461.85,20738613.78000001
NESTLEIND,1848.58,-0.0009947432630249935,-22.017505639004998,-16.857980237209507,False,False,0,30.91484106375576,64,118309.12,20856922.90000001
HONAUT,35571.1,-0.0015296305185736813,-31.778309531513937,-16.900956758692608,False,False,0,1030.502628062082,1,35571.1,20892494.00000001
TATAINVEST,2002.65,-0.0016272246639850837,-33.422677271453324,-17.14536611469405,False,False,0,67.66228285275884,29,58076.850000000006,20950570.850000013
ICICIBANK,842.65,-0.0011712290021963436,-25.383405008565408,-17.836876443304398,False,False,0,17.126152264178362,116,97747.4,21048318.25000001
CASTROLIND,114.0,-0.0013131430080658433,-27.984279607263453,-17.93794222411529,False,False,0,2.874359336687412,695,79230.0,21127548.25000001
RITES,366.15,-0.0018442957605087473,-36.93939514172248,-18.00090601440105,True,False,0,12.319081331852232,162,59316.299999999996,21186864.550000012
TV18BRDCST,31.55,-0.002016914622492693,-39.602873436029995,-18.124879954413544,False,False,0,1.1596278041471086,1724,54392.200000000004,21241256.75000001
SBICARD,753.75,-0.0012647900949478833,-27.108454215802702,-19.342153154574092,False,False,0,16.044976027713602,124,93465.0,21334721.75000001
PHOENIXLTD,1317.45,-0.001388628123647479,-29.330565331346904,-19.363249443546643,False,False,0,47.02083063820718,42,55332.9,21390054.65000001
TATACONSUM,704.4,-0.0013503003292250444,-28.650159841017075,-19.689134161201174,False,False,0,12.349629905175636,161,113408.4,21503463.05000001
BEML,1169.7,-0.0019286169616729739,-38.254818160702875,-19.766914526421385,False,False,0,46.239857387874764,43,50297.1,21553760.15000001
GILLETTE,4593.95,-0.0010568592197701667,-23.21914071390224,-19.838075580267592,False,False,0,66.82350267065783,29,133224.55,21686984.70000001
KANSAINER,272.17,-0.001184323684632714,-25.62727576847521,-19.85007094093557,False,False,0,6.7123140269828285,297,80834.49,21767819.19000001
GRASIM,1589.52,-0.0013908327430294935,-29.36950440097833,-19.850425148662175,False,False,0,34.655351567956295,57,90602.64,21858421.83000001
COLPAL,1497.1,-0.0012970651078632572,-27.694231686204716,-19.888018862833185,False,False,0,23.556610773994347,84,125756.4,21984178.230000008
UNOMINDA,498.95,-0.0013035659036262125,-27.811647506399584,-20.26062839810524,False,False,0,13.6676387986529,146,72846.7,22057024.930000007
TITAN,2375.5,-0.0013929122482857317,-29.406213979643326,-20.402842747370126,False,False,0,50.38551806632053,39,92644.5,22149669.430000007
VTL,313.75,-0.0016000802164592637,-32.96933965047392,-20.6210535170736,False,False,0,9.960127170211491,200,62750.0,22212419.430000007
MAZDOCK,722.3,-0.0020812632372159373,-40.566717750598336,-20.691929488648505,False,False,0,33.70270193069008,59,42615.7,22255035.130000006
SBIN,547.35,-0.0016710188263485398,-34.147625984918804,-20.81179002504376,False,False,0,14.065075643983972,142,77723.7,22332758.830000006
BHARTIARTL,773.75,-0.001310627290556093,-27.938972559096943,-20.96458179790511,False,False,0,16.32834142429183,122,94397.5,22427156.330000006
TATAPOWER,208.75,-0.001405010372367389,-29.61940451210303,-21.023442921006012,False,False,0,4.479794397140949,446,93102.5,22520258.830000006
SAMMAANCAP,108.0,-0.0028960144653847227,-51.519261746714996,-21.188678260118934,False,False,0,5.56864802738083,359,38772.0,22559030.830000006
GODREJPROP,1162.0,-0.0016206802902159997,-33.31366139457097,-21.38329390975369,False,False,0,33.27523455684262,60,69720.0,22628750.830000006
VIPIND,602.0,-0.001522736569886607,-31.660628941791913,-21.406946619650526,False,False,0,19.40162459070107,103,62006.0,22690756.830000006
FLUOROCHEM,3232.5,-0.0026030714209159334,-47.835492495829335,-21.50105421003822,True,False,0,112.78097341934803,17,54952.5,22745709.330000006
GNFC,545.0,-0.0020173162096068895,-39.60893680859285,-21.765559690398412,False,False,0,19.05541426327347,104,56680.0,22802389.330000006
ERIS,611.55,-0.0013414982566820166,-28.49298034902801,-21.975774007175048,False,False,0,16.07193604929331,124,75832.2,22878221.530000005
BAJFINANCE,5874.15,-0.001807716258566517,-36.36006886627793,-22.09913400852173,False,False,0,142.08254076168674,14,82238.09999999999,22960459.630000006
JMFINANCIL,63.4,-0.0021361079208461198,-41.3760564710121,-22.214446556398983,False,False,0,2.2212643169747954,900,57060.0,23017519.630000006
CAPLIPOINT,659.1,-0.0014183682352443513,-29.85404609121918,-23.337220985088976,False,False,0,16.233143951774142,123,81069.3,23098588.930000007
RELIANCE,2108.68,-0.0015581285313973525,-32.2626278715807,-23.492994046833083,False,False,0,41.14176149993621,48,101216.63999999998,23199805.570000008
FDC,256.6,-0.0015983938703616487,-32.94107446965815,-23.630642136000976,False,False,0,7.845577113537047,254,65176.40000000001,23264981.970000006
MUTHOOTFIN,942.75,-0.0016007930353851777,-32.981283767021885,-23.78367914801924,False,False,0,24.01394266369366,83,78248.25,23343230.220000006
PCBL,117.9,-0.0018604615062271352,-37.1937362695365,-23.904878825046563,False,False,0,3.672816668075393,544,64137.600000000006,23407367.820000008
TORNTPHARM,1511.5,-0.0013192450728561084,-28.094057000315964,-24.653318539446722,False,False,0,29.554489049371245,67,101270.5,23508638.320000008
WESTLIFE,670.25,-0.001797070866519205,-36.19047528841599,-24.823747313406546,False,False,0,26.600497489160585,75,50268.75,23558907.070000008
PVRINOX,1519.05,-0.0018718607415986414,-37.372467319677796,-25.02525368012813,False,False,0,50.469828172227224,39,59242.95,23618150.020000007
METROPOLIS,1240.6,-0.002209355107964362,-42.43979698679864,-25.0635150774213,False,False,0,42.579102839898965,46,57067.6,23675217.62000001
NAUKRI,3456.9,-0.0018197182138760747,-36.55073358190205,-25.13172535257693,False,False,0,111.21666562753332,17,58767.3,23733984.92000001
DIVISLAB,2787.5,-0.002390914670601014,-44.99404135645207,-25.208923289197966,False,False,0,78.22841256898278,25,69687.5,23803672.42000001
PRAJIND,346.45,-0.001967849243386341,-38.85745904957821,-25.274993749862507,False,False,0,10.782344230904936,185,64093.25,23867765.67000001
ALLCARGO,71.32,-0.002292467809440495,-43.62345328526808,-25.882666105828793,False,False,0,3.337664550202735,599,42720.67999999999,23910486.35000001
ASIANPAINT,2830.2,-0.001755746554150483,-35.52783711591102,-26.01617519436734,False,False,0,54.246940273098055,36,101887.2,24012373.55000001
ICICIPRULI,394.0,-0.0020339235305121385,-39.85915046840736,-26.085262911181168,False,False,0,11.900967249803072,168,66192.0,24078565.55000001
CENTURYPLY,505.85,-0.0018728411480237197,-37.38781554751982,-26.258576685751432,False,False,0,14.982351352437536,133,67278.05,24145843.60000001
DLF,350.05,-0.001731136364302425,-35.1299463078886,-26.260530131501486,False,False,0,9.344123438013074,214,74910.7,24220754.30000001
HDFCAMC,1757.35,-0.002324385114785776,-44.071510175846306,-26.745035130814834,False,False,0,46.24583317030531,43,75566.05,24296320.35000001
MMTC,31.6,-0.0025498175623616857,-47.13635854890913,-27.09151106313207,False,False,0,1.2008052755340006,1665,52614.0,24348934.35000001
KOTAKBANK,1699.3,-0.0015100854079902293,-31.444143661674907,-27.220890698879614,False,False,0,30.249527497454515,66,112153.8,24461088.15000001
BEL,94.9,-0.0017240906412742895,-35.01558150683417,-27.37620500761128,False,False,0,2.6324387240389364,759,72029.1,24533117.25000001
BLUEDART,6102.25,-0.0024850868702239464,-46.27392409756047,-27.417034059352073,False,False,0,201.3325278246864,9,54920.25,24588037.50000001
CEATLTD,1444.1,-0.002518875883896739,-46.72585042048103,-27.49516153408724,False,False,0,57.56245397128866,34,49099.399999999994,24637136.90000001
UBL,1441.2,-0.002065760701426483,-40.335929167155136,-27.509770757853254,False,False,0,32.29448852321686,61,87913.2,24725050.10000001
HSCL,91.05,-0.0019786413853365476,-39.02220145449803,-28.094753046051782,False,False,0,3.358519521064945,595,54174.75,24779224.85000001
PRESTIGE,400.35,-0.002131090361843026,-41.3024730556071,-28.234714896005475,False,False,0,14.138417638276993,141,56449.350000000006,24835674.20000001
EMAMILTD,389.55,-0.001969174658047625,-38.877715498419775,-29.128268329992583,False,False,0,11.348425472302637,176,68560.8,24904235.00000001
SJVN,32.8,-0.002302125774109083,-43.75940976044211,-29.13076678112789,False,False,0,1.001494651537793,1997,65501.59999999999,24969736.600000013
GRAPHITE,295.55,-0.002770920142012859,-49.9791383963081,-29.418687797463196,False,False,0,10.04625749494115,199,58814.450000000004,25028551.050000012
HAPPSTMNDS,842.25,-0.0019283860268853076,-38.25125328018246,-29.8605349281598,False,False,0,22.781846793565826,87,73275.75,25101826.800000012
ISEC,468.65,-0.0017513150507848852,-35.45637038338533,-29.988276872291667,False,False,0,13.064902056546508,153,71703.45,25173530.25000001
RAILTEL,108.65,-0.002538855510555538,-46.99128635953623,-30.63149408330228,False,False,0,4.870672271028497,410,44546.5,25218076.75000001
TRIDENT,30.7,-0.00203332507547956,-39.850151896753026,-30.63177796179355,False,False,0,0.9031604396597802,2214,67969.8,25286046.550000012
WELSPUNLIV,69.1,-0.0021084877074805395,-40.96985420366812,-30.938202635384584,False,False,0,2.291780677197854,872,60255.2,25346301.75000001
SUNTV,436.9,-0.0020662086885134836,-40.342610976299696,-31.047320467026623,False,False,0,11.344353075119606,176,76894.4,25423196.15000001
WELCORP,211.35,-0.0026175382268647006,-48.02381518893658,-31.050324401922495,False,False,0,9.309363718779885,214,45228.9,25468425.05000001
SAREGAMA,334.15,-0.002031630098190527,-39.82465833914147,-31.295429274822354,False,False,0,12.522660890454393,159,53129.85,25521554.90000001
INDUSTOWER,155.3,-0.0028980235560607226,-51.54360618222914,-31.7595197829621,False,False,0,6.34165967064002,315,48919.5,25570474.40000001
WHIRLPOOL,1354.4,-0.0022313051844755245,-42.75479463356934,-31.92540717458301,False,False,0,32.59182709410445,61,82618.40000000001,25653092.80000001
MAHSEAMLES,362.75,-0.003013021857640565,-52.91687193921724,-32.35485177564896,True,False,0,12.592422924978923,158,57314.5,25710407.30000001
PRSMJOHNSN,107.2,-0.002663686992567434,-48.62002845606084,-32.694465737187436,False,False,0,4.159722279839839,480,51456.0,25761863.30000001
ALKYLAMINE,2496.0,-0.0017807054479060172,-35.92887310382235,-32.858673490378955,False,False,0,56.86448265148802,35,87360.0,25849223.30000001
IDEA,6.75,-0.002555533672034269,-47.211848190735196,-32.88546238720569,False,True,1,0.34820662528877416,5743,38765.25,25887988.55000001
LXCHEM,258.4,-0.002137636715234617,-41.39845817876399,-33.16560356632346,False,False,0,7.325999687582191,273,70543.2,25958531.750000007
LEMONTREE,79.35,-0.002877051334381773,-51.28887943430136,-33.8497717107781,False,False,0,3.3268658097650037,601,47689.35,26006221.10000001
GMMPFAUDLR,1567.65,-0.0029405536534747897,-52.056090639796196,-33.982149421125285,False,False,0,51.238465296360864,39,61138.350000000006,26067359.45000001
ITI,94.2,-0.0020861659125267296,-40.63951864796982,-34.07123519977685,False,False,0,2.9221406555522327,684,64432.8,26131792.25000001
AFFLE,991.0,-0.0025376058627078098,-46.97472321618048,-34.12050966996908,False,False,0,30.094353573952617,66,65406.0,26197198.25000001
TANLA,634.35,-0.0025576339681854334,-47.239558603107646,-34.26230825241652,False,False,0,24.767101801038407,80,50748.0,26247946.25000001
CIPLA,881.2,-0.002376877148785965,-44.80066540391727,-34.842022126832056,False,False,0,22.167950951211957,90,79308.0,26327254.25000001
IRCTC,611.95,-0.0024670101569023474,-46.03057692909537,-36.24443761254641,False,False,0,13.304677152222958,150,91792.5,26419046.75000001
INOXWIND,28.49,-0.00359710958522009,-59.313644534901975,-36.76379178941704,False,False,0,1.2270679371243896,1629,46410.21,26465456.960000012
DMART,3391.85,-0.002481095453352437,-46.220286549334624,-37.05860967274771,False,False,0,81.29757077115885,24,81404.4,26546861.36000001
PIDILITIND,2313.5,-0.002314128575740567,-43.92791797473882,-37.37663938809494,False,False,0,48.287222642338385,41,94853.5,26641714.86000001
ATUL,6993.85,-0.002469106538866604,-46.05885464962115,-37.4001569438585,False,False,0,185.05642035234428,10,69938.5,26711653.36000001
UNITDSPR,746.85,-0.0026366056376297153,-48.27098841815645,-37.498600981349675,False,False,0,17.189249304950522,116,86634.6,26798287.960000012
NAM-INDIA,226.9,-0.002475126055646912,-46.13996850843114,-37.57617000243422,False,False,0,5.654072062959251,353,80095.7,26878383.66000001
ALOKINDS,13.05,-0.0034859099382903965,-58.16669881507843,-38.619885109818576,False,False,0,0.5952686306515153,3359,43834.950000000004,26922218.61000001
RBA,95.2,-0.0027522788134179913,-49.74548052812815,-38.66797214493995,False,False,0,3.2609505095188953,613,58357.6,26980576.210000012
RTNINDIA,38.5,-0.0029560083981510594,-52.24097346468003,-38.79219065437806,False,False,0,1.8785549829691688,1064,40964.0,27021540.210000012
BORORENEW,469.1,-0.002406366924079603,-45.206122954328244,-39.29917516148393,False,False,0,15.855524036408527,126,59106.600000000006,27080646.810000014
ZOMATO,53.85,-0.003515134505362267,-58.47122503367037,-39.438106249735334,False,False,0,2.5635018076918756,780,42003.0,27122649.810000014
RENUKA,48.05,-0.0032814380316897383,-55.97266557044972,-40.399539385211156,False,False,0,2.3003429004081326,869,41755.45,27164405.260000013
JUBLINGREA,440.85,-0.0027326365205122757,-49.49809512535018,-40.99058731263177,False,False,0,13.897271973393833,143,63041.55,27227446.810000014
HFCL,67.35,-0.002863972952629665,-51.12935312558879,-41.594939997607334,False,False,0,2.404483621666865,831,55967.85,27283414.660000015
CROMPTON,297.65,-0.002542555244962575,-47.040293232422236,-42.07938207586737,False,False,0,9.406147964083686,212,63101.799999999996,27346516.460000016
JUBLPHARMA,304.95,-0.00304879107488642,-53.33602670042671,-42.400419030244734,False,False,0,11.908201926417696,167,50926.65,27397443.110000014
SUNTECK,304.35,-0.0030489573397905027,-53.33796630537645,-42.61630550861219,False,False,0,12.46036580992027,160,48696.0,27446139.110000014
EIDPARRY,528.75,-0.0026574385652447766,-48.539704730766154,-43.62589419555795,False,False,0,17.76867445312117,112,59220.0,27505359.110000014
DEEPAKNTR,1815.05,-0.002953854830939885,-52.21525347318825,-44.93926869216246,False,False,0,49.07230129959656,40,72602.0,27577961.110000014
BATAINDIA,1420.0,-0.0027278356594549846,-49.43744557926701,-45.91011456487416,False,False,0,32.547153666509175,61,86620.0,27664581.110000014
ASAHIINDIA,481.7,-0.0032957934673279697,-56.13039026675038,-46.44345736953796,False,False,0,16.403591579101644,121,58285.7,27722866.810000014
APLLTD,498.95,-0.002755673974605531,-49.78811797894325,-47.029125749198144,False,False,0,13.0240468943976,153,76339.34999999999,27799206.160000015
BAJAJFINSV,1328.85,-0.003331201157118504,-56.51700697486619,-47.52578487741487,False,False,0,36.02547262325548,55,73086.75,27872292.910000015
INDIACEM,195.55,-0.0034064134154895673,-57.32698163439216,-47.600144663800435,False,False,0,7.614090594221487,262,51234.100000000006,27923527.010000017
BSE,449.7,-0.0032160568644657864,-55.24711240634299,-47.89183951750941,False,False,0,13.91962644488862,143,64307.1,27987834.110000018
BIOCON,223.75,-0.002981617735135763,-52.5457659829248,-48.605031451338085,False,False,0,6.390141227038471,312,69810.0,28057644.110000018
ACC,1846.9,-0.0046843629112776385,-68.9971400038902,-49.9245079738895,False,True,1,86.68595056065335,23,42478.700000000004,28100122.810000017
CDSL,501.4,-0.003157985355616808,-54.59265631766337,-50.00646003792321,False,False,0,11.056265752410253,180,90252.0,28190374.810000017
QUESS,362.05,-0.003780632550350047,-61.13818890882137,-50.09582369306827,False,False,0,13.029524623203896,153,55393.65,28245768.460000016
JUBLFOOD,453.6,-0.0032898311545426027,-56.06495042351487,-50.67434650012181,False,False,0,13.418057611493786,149,67586.40000000001,28313354.860000014
SPARC,186.75,-0.0036843754800172093,-60.1916648603287,-51.820394250752166,False,False,0,7.826666869856101,255,47621.25,28360976.110000014
ADANIPORTS,697.8,-0.005932934639004562,-77.30972255757233,-52.00257206734923,False,True,2,37.55600678530907,53,36983.399999999994,28397959.510000013
CONCOR,585.1,-0.003710881103811388,-60.454578999163175,-52.24709028245361,False,False,0,17.52736237130666,114,66701.40000000001,28464660.91000001
JSWENERGY,268.35,-0.004483951839659804,-67.40423975524187,-52.431935412137975,False,False,0,10.530128733973712,189,50718.15,28515379.06000001
CENTURYTEX,640.2,-0.0033985523224374543,-57.2430350303564,-52.93498256955813,False,False,0,20.528684583980578,97,62099.4,28577478.46000001
ZEEL,193.6,-0.003601503617173518,-59.35831428186907,-53.02568435296492,False,False,0,6.810556245560101,293,56724.799999999996,28634203.26000001
FINEORG,4493.4,-0.0037101206844065877,-60.44706050816073,-53.44106204936302,False,False,0,162.92938298168218,12,53920.799999999996,28688124.06000001
GRANULES,283.85,-0.0033661905867838327,-56.895709518398604,-53.5838662018075,False,False,0,8.399406705807948,238,67556.3,28755680.36000001
PAGEIND,37029.2,-0.0033453868580276495,-56.670943035584564,-54.350194748394316,False,False,0,908.0368800300004,2,74058.4,28829738.76000001
COCHINSHIP,233.88,-0.004469007032198948,-67.28222762597825,-54.3691965117367,False,False,0,10.605029646080483,188,43969.44,28873708.20000001
INDIGOPNTS,1042.45,-0.0038859525814716298,-62.14806730177243,-54.600656674813585,False,False,0,33.46336519354111,59,61504.55,28935212.75000001
LALPATHLAB,1830.55,-0.0035864293852633875,-59.204864772857434,-54.6488669416911,False,False,0,65.08456161868143,30,54916.5,28990129.25000001
DEEPAKFERT,645.65,-0.004220885988998674,-65.18846878181014,-55.31821052815616,False,False,0,27.150724407836847,73,47132.45,29037261.70000001
AARTIIND,533.25,-0.0037986933746925406,-61.3132624507603,-56.295819484748286,False,False,0,16.201009770984182,123,65589.75,29102851.45000001
CUB,138.05,-0.004441184577884709,-67.05386215390723,-56.758351826328685,False,False,0,5.8108756157505095,344,47489.200000000004,29150340.65000001
ABFRL,235.0,-0.004157094685421089,-64.6288500525431,-60.150056264612864,False,False,0,8.055102638610826,248,58280.0,29208620.65000001
GLAND,1189.55,-0.00480696697059912,-69.93299342961394,-62.658256850338574,False,False,0,54.09655822875113,36,42823.799999999996,29251444.45000001
PATANJALI,998.2,-0.0054053882454592654,-74.1108716793644,-62.867461727366155,False,False,0,42.8094780496932,46,45917.200000000004,29297361.65000001
ANGELONE,1142.95,-0.004844945938255223,-70.21712090409939,-62.926816293393586,False,False,0,42.51373158596304,47,53718.65,29351080.30000001
AMBUJACEM,378.35,-0.006814593997071285,-81.79817822282548,-63.23027448769262,False,True,2,23.133003364223487,86,32538.100000000002,29383618.40000001
BALAMINES,2260.9,-0.004642520907013365,-68.67113242523422,-64.25629399454648,False,False,0,66.06475374173638,30,67827.0,29451445.40000001
ADANIENT,1896.2,-0.01231600883400308,-95.39948627095094,-66.12215308137989,False,True,6,203.63944187590698,9,17065.8,29468511.20000001
ATGL,949.6,-0.01911884582127859,-99.16015780621194,-67.40047729807468,False,True,2,141.83607674481723,14,13294.4,29481805.60000001
LAURUSLABS,308.8,-0.004939781510552521,-70.91493511166375,-68.59742429082702,False,False,0,10.037512414082654,199,61451.200000000004,29543256.80000001
TTML,62.45,-0.0065262821196960365,-80.43778976222642,-69.30131732232547,False,False,0,3.944754537688967,507,31662.15,29574918.950000007
ADANIGREEN,682.7,-0.017335300378747382,-98.68827234190753,-71.48504324813747,False,True,2,78.48574872241282,25,17067.5,29591986.450000007
DIXON,2886.9,-0.006977771082920278,-82.52576666144303,-72.23234493899663,False,True,1,111.75531460665519,17,49077.3,29641063.750000007
ADANIENSOL,904.45,-0.017291025388229544,-98.67367250762152,-75.52341916493565,False,True,2,117.85073331806318,16,14471.2,29655534.950000007
ADANIPOWER,204.9,-0.01031383416241732,-92.4109103357237,-76.06721086324579,False,False,0,10.77448389838251,185,37906.5,29693441.450000007
