Date,open,high,low,close,volume
2019-09-12 00:00:00+05:30,588.8,588.8,548.0,561.55,1345
2019-09-13 00:00:00+05:30,568.0,568.0,477.7,561.1,2363
2019-09-16 00:00:00+05:30,545.25,562.0,545.25,558.5,504
2019-09-17 00:00:00+05:30,575.0,575.0,545.25,562.0,1098
2019-09-18 00:00:00+05:30,570.0,570.0,548.05,566.5,305
2019-09-19 00:00:00+05:30,561.0,564.6,549.0,558.9,270
2019-09-20 00:00:00+05:30,550.0,575.0,550.0,566.15,3809
2019-09-23 00:00:00+05:30,579.95,579.95,546.8,567.25,3515
2019-09-24 00:00:00+05:30,580.0,599.95,565.5,589.4,3314
2019-09-25 00:00:00+05:30,589.4,591.0,564.05,579.65,863
2019-09-26 00:00:00+05:30,589.9,619.0,573.8,594.15,11152
2019-09-27 00:00:00+05:30,589.5,624.15,573.0,611.5,3844
2019-09-30 00:00:00+05:30,633.95,633.95,585.0,591.0,2865
2019-10-01 00:00:00+05:30,590.0,601.95,570.15,579.05,1422
2019-10-03 00:00:00+05:30,572.0,619.0,572.0,584.7,3890
2019-10-04 00:00:00+05:30,585.0,596.65,565.0,570.5,2453
2019-10-07 00:00:00+05:30,570.05,590.0,570.05,583.45,926
2019-10-09 00:00:00+05:30,594.0,600.0,572.35,590.15,942
2019-10-10 00:00:00+05:30,580.05,593.0,568.15,571.3,8880
2019-10-11 00:00:00+05:30,570.0,584.5,567.95,574.65,2284
2019-10-14 00:00:00+05:30,591.9,603.0,570.1,587.4,2282
2019-10-15 00:00:00+05:30,561.0,588.0,560.05,579.25,1762
2019-10-16 00:00:00+05:30,580.0,595.0,575.1,582.35,1383
2019-10-17 00:00:00+05:30,575.15,593.55,575.0,578.05,1055
2019-10-18 00:00:00+05:30,580.0,591.7,572.0,575.7,949
2019-10-22 00:00:00+05:30,591.05,594.15,572.1,584.1,4683
2019-10-23 00:00:00+05:30,571.1,590.0,571.1,583.7,892
2019-10-24 00:00:00+05:30,589.3,592.0,565.25,571.3,2869
2019-10-25 00:00:00+05:30,575.0,582.65,535.3,555.6,1214
2019-10-27 00:00:00+05:30,597.85,597.85,556.0,579.7,1579
2019-10-29 00:00:00+05:30,561.55,587.95,555.0,561.45,1053
2019-10-30 00:00:00+05:30,570.0,576.7,557.0,562.1,2659
2019-10-31 00:00:00+05:30,562.0,581.05,554.95,574.15,2761
2019-11-01 00:00:00+05:30,562.05,577.7,554.45,563.4,1190
2019-11-04 00:00:00+05:30,574.0,574.0,560.25,561.05,726
2019-11-05 00:00:00+05:30,579.0,579.0,561.2,574.05,1772
2019-11-06 00:00:00+05:30,574.05,574.85,563.3,564.7,1132
2019-11-07 00:00:00+05:30,564.25,574.95,551.0,555.3,1256
2019-11-08 00:00:00+05:30,568.9,573.0,551.0,552.4,4156
2019-11-11 00:00:00+05:30,560.0,581.0,530.05,558.65,5948
2019-11-13 00:00:00+05:30,558.65,569.9,546.0,553.2,2937
2019-11-14 00:00:00+05:30,550.0,571.0,550.0,567.5,4627
2019-11-15 00:00:00+05:30,576.0,576.0,561.05,565.8,2058
2019-11-18 00:00:00+05:30,560.05,575.0,560.0,571.6,436067
2019-11-19 00:00:00+05:30,578.0,598.0,572.15,575.3,4847
2019-11-20 00:00:00+05:30,587.0,587.2,571.15,577.45,2610
2019-11-21 00:00:00+05:30,570.1,588.7,570.1,579.55,3935
2019-11-22 00:00:00+05:30,561.0,590.0,541.4,554.5,58755
2019-11-25 00:00:00+05:30,566.0,574.0,548.0,561.25,88873
2019-11-26 00:00:00+05:30,574.9,574.9,552.25,560.4,39307
2019-11-27 00:00:00+05:30,561.05,568.7,561.0,565.5,14245
2019-11-28 00:00:00+05:30,561.1,575.0,561.0,566.0,21483
2019-11-29 00:00:00+05:30,574.5,580.0,562.05,569.6,31019
2019-12-02 00:00:00+05:30,579.75,593.65,565.95,579.75,59525
2019-12-03 00:00:00+05:30,580.25,585.0,570.0,575.45,16501
2019-12-04 00:00:00+05:30,575.0,584.85,572.0,582.25,3603
2019-12-05 00:00:00+05:30,579.95,586.0,579.95,583.5,3237
2019-12-06 00:00:00+05:30,588.8,588.8,572.2,577.05,9050
2019-12-09 00:00:00+05:30,584.25,584.25,570.0,576.1,8651
2019-12-10 00:00:00+05:30,579.65,579.7,566.55,571.9,43028
2019-12-11 00:00:00+05:30,574.85,599.95,573.05,590.3,10112
2019-12-12 00:00:00+05:30,589.0,602.0,580.05,593.1,8544
2019-12-13 00:00:00+05:30,590.05,605.0,586.0,600.45,10846
2019-12-16 00:00:00+05:30,611.45,650.0,595.0,621.95,19207
2019-12-17 00:00:00+05:30,639.0,656.2,622.85,638.55,11659
2019-12-18 00:00:00+05:30,647.95,654.0,621.6,632.45,13465
2019-12-19 00:00:00+05:30,630.0,639.7,611.2,622.15,4632
2019-12-20 00:00:00+05:30,612.05,630.95,612.05,616.25,2540
2019-12-23 00:00:00+05:30,614.0,640.0,612.05,619.25,7921
2019-12-24 00:00:00+05:30,620.0,640.0,620.0,632.25,2969
2019-12-26 00:00:00+05:30,635.5,635.5,625.0,625.7,8528
2019-12-27 00:00:00+05:30,625.9,634.8,620.0,622.65,7162
2019-12-30 00:00:00+05:30,629.9,635.0,625.25,632.3,2388
2019-12-31 00:00:00+05:30,626.95,632.0,618.0,619.3,125044
2020-01-01 00:00:00+05:30,619.3,629.55,615.25,627.1,3322
2020-01-02 00:00:00+05:30,621.0,635.0,615.2,620.5,7573
2020-01-03 00:00:00+05:30,620.65,629.9,615.2,623.0,4337
2020-01-06 00:00:00+05:30,634.6,634.6,600.0,600.9,6691
2020-01-07 00:00:00+05:30,601.0,619.45,600.25,604.75,4148
2020-01-08 00:00:00+05:30,600.3,605.55,595.0,600.3,2978
2020-01-09 00:00:00+05:30,610.0,616.75,600.55,604.5,4356
2020-01-10 00:00:00+05:30,612.0,614.35,601.05,601.75,2682
2020-01-13 00:00:00+05:30,603.5,623.95,602.0,616.85,6671
2020-01-14 00:00:00+05:30,624.0,628.0,617.1,623.55,4792
2020-01-15 00:00:00+05:30,620.0,632.0,618.15,628.1,5595
2020-01-16 00:00:00+05:30,635.55,636.5,611.95,617.65,9033
2020-01-17 00:00:00+05:30,629.0,629.0,616.25,622.85,6585
2020-01-20 00:00:00+05:30,622.85,622.85,618.45,621.05,2998
2020-01-21 00:00:00+05:30,629.0,629.95,621.0,626.8,5732
2020-01-22 00:00:00+05:30,640.0,640.0,614.45,625.6,3520
2020-01-23 00:00:00+05:30,620.0,627.0,620.0,624.15,2848
2020-01-24 00:00:00+05:30,622.05,629.95,618.0,620.1,4336
2020-01-27 00:00:00+05:30,625.0,649.0,616.0,618.45,23630
2020-01-28 00:00:00+05:30,620.1,633.7,619.55,621.05,7312
2020-01-29 00:00:00+05:30,628.9,630.0,622.0,626.75,3745
2020-01-30 00:00:00+05:30,633.7,633.75,622.0,624.5,3436
2020-01-31 00:00:00+05:30,625.0,645.0,623.0,636.4,7839
2020-02-01 00:00:00+05:30,636.4,644.0,620.0,628.6,4442
2020-02-03 00:00:00+05:30,615.55,637.9,599.75,617.7,7749
2020-02-04 00:00:00+05:30,621.85,629.0,617.35,625.5,4498
2020-02-05 00:00:00+05:30,626.8,698.0,620.0,664.25,146347
2020-02-06 00:00:00+05:30,670.0,688.0,651.0,678.05,10586
2020-02-07 00:00:00+05:30,673.0,692.0,667.9,682.5,7025
2020-02-10 00:00:00+05:30,697.0,697.0,651.1,663.5,11463
2020-02-11 00:00:00+05:30,663.5,680.0,659.75,666.35,5741
2020-02-12 00:00:00+05:30,670.0,670.0,658.0,661.0,4007
2020-02-13 00:00:00+05:30,661.0,675.0,640.0,649.1,4029
2020-02-14 00:00:00+05:30,649.15,665.9,640.0,654.5,4355
2020-02-17 00:00:00+05:30,663.95,669.95,635.0,646.7,7737
2020-02-18 00:00:00+05:30,646.7,646.7,631.0,635.6,6705
2020-02-19 00:00:00+05:30,640.0,662.0,633.15,642.9,8619
2020-02-20 00:00:00+05:30,642.9,647.8,618.05,629.75,116700
2020-02-24 00:00:00+05:30,631.2,639.9,610.15,619.3,19115
2020-02-25 00:00:00+05:30,621.0,630.0,620.0,622.4,4284
2020-02-26 00:00:00+05:30,622.65,628.95,605.25,615.8,6458
2020-02-27 00:00:00+05:30,613.15,618.35,589.0,598.0,4956
2020-02-28 00:00:00+05:30,552.1,582.4,552.1,577.4,9284
2020-03-02 00:00:00+05:30,578.05,630.0,565.0,580.4,10348
2020-03-03 00:00:00+05:30,567.0,595.0,567.0,580.55,6395
2020-03-04 00:00:00+05:30,575.05,582.95,558.55,573.65,35300
2020-03-05 00:00:00+05:30,564.0,593.5,560.5,586.6,6236
2020-03-06 00:00:00+05:30,566.0,577.0,558.0,565.65,4245
2020-03-09 00:00:00+05:30,565.4,565.4,550.0,550.85,8593
2020-03-11 00:00:00+05:30,550.0,561.7,540.0,543.2,20388
2020-03-12 00:00:00+05:30,520.0,546.9,457.55,535.25,25456
2020-03-13 00:00:00+05:30,476.0,520.0,431.0,496.3,5211
2020-03-16 00:00:00+05:30,485.0,524.7,476.0,495.65,11394
2020-03-17 00:00:00+05:30,514.95,514.95,401.55,480.05,6198
2020-03-18 00:00:00+05:30,499.95,511.0,466.1,480.05,3517
2020-03-19 00:00:00+05:30,427.0,479.1,395.55,410.75,11963
2020-03-20 00:00:00+05:30,401.0,424.7,395.1,400.85,4889
2020-03-23 00:00:00+05:30,384.05,395.0,320.7,321.75,6958
2020-03-24 00:00:00+05:30,321.0,351.05,289.6,335.75,8269
2020-03-25 00:00:00+05:30,350.0,369.0,320.0,365.45,5252
2020-03-26 00:00:00+05:30,365.45,401.95,365.45,398.75,3369
2020-03-27 00:00:00+05:30,436.95,438.6,378.05,391.2,4561
2020-03-30 00:00:00+05:30,373.0,395.0,360.0,376.75,2919
2020-03-31 00:00:00+05:30,384.75,409.95,361.0,401.55,3131
2020-04-01 00:00:00+05:30,401.55,424.95,392.05,416.55,3925
2020-04-03 00:00:00+05:30,416.55,430.0,381.3,407.15,1849
2020-04-07 00:00:00+05:30,416.0,438.8,382.25,414.45,3437
2020-04-08 00:00:00+05:30,410.0,449.0,386.15,402.05,2747
2020-04-09 00:00:00+05:30,430.0,430.0,402.1,424.65,2385
2020-04-13 00:00:00+05:30,415.0,424.65,401.25,405.6,3940
2020-04-15 00:00:00+05:30,404.0,420.0,391.05,399.5,4775
2020-04-16 00:00:00+05:30,404.35,410.0,400.0,405.75,2622
2020-04-17 00:00:00+05:30,409.75,429.9,405.0,408.3,4512
2020-04-20 00:00:00+05:30,424.9,429.0,401.0,408.3,1878
2020-04-21 00:00:00+05:30,417.0,417.0,380.25,398.2,1240
2020-04-22 00:00:00+05:30,409.2,409.2,386.0,394.0,2689
2020-04-23 00:00:00+05:30,408.95,408.95,385.05,389.7,3539
2020-04-24 00:00:00+05:30,396.0,396.0,374.0,374.95,3032
2020-04-27 00:00:00+05:30,400.0,400.0,358.0,365.35,3513
2020-04-28 00:00:00+05:30,374.1,384.0,361.55,373.25,2880
2020-04-29 00:00:00+05:30,370.15,389.9,370.15,379.1,2736
2020-04-30 00:00:00+05:30,384.0,389.95,380.0,383.3,2343
2020-05-04 00:00:00+05:30,385.0,387.9,362.0,368.3,2999
2020-05-05 00:00:00+05:30,370.3,376.55,354.0,356.35,2113
2020-05-06 00:00:00+05:30,355.05,362.95,334.0,336.0,5223
2020-05-07 00:00:00+05:30,339.8,345.95,322.05,341.8,82362
2020-05-08 00:00:00+05:30,347.9,362.0,340.05,340.15,4076
2020-05-11 00:00:00+05:30,349.0,349.0,333.0,338.7,3230
2020-05-12 00:00:00+05:30,333.0,341.9,325.0,339.55,2447
2020-05-13 00:00:00+05:30,342.0,355.0,332.0,337.2,26344
2020-05-14 00:00:00+05:30,336.25,340.0,330.0,331.95,2729
2020-05-15 00:00:00+05:30,327.05,338.95,327.0,335.9,2326
2020-05-18 00:00:00+05:30,345.8,345.8,330.0,337.9,19197
2020-05-19 00:00:00+05:30,337.9,351.0,329.0,339.75,3450
2020-05-20 00:00:00+05:30,343.95,345.0,335.75,339.65,1960
2020-05-21 00:00:00+05:30,340.5,341.1,336.3,339.65,7539
2020-05-22 00:00:00+05:30,341.95,341.95,326.75,329.75,3712
2020-05-26 00:00:00+05:30,335.5,339.0,324.95,327.9,2480
2020-05-27 00:00:00+05:30,323.5,339.0,323.5,333.1,6391
2020-05-28 00:00:00+05:30,333.1,335.0,320.25,323.3,10715
2020-05-29 00:00:00+05:30,326.0,326.0,314.0,318.45,13295
2020-06-01 00:00:00+05:30,330.0,350.25,325.0,350.25,30671
2020-06-02 00:00:00+05:30,360.25,385.25,358.0,385.25,19138
2020-06-03 00:00:00+05:30,423.75,423.75,410.05,423.75,10079
2020-06-04 00:00:00+05:30,463.0,463.0,382.4,401.45,118132
2020-06-05 00:00:00+05:30,405.0,419.35,400.0,403.35,29753
2020-06-08 00:00:00+05:30,410.0,415.9,390.0,395.85,17634
2020-06-09 00:00:00+05:30,400.0,400.0,370.1,384.45,12943
2020-06-10 00:00:00+05:30,381.45,385.0,370.0,379.5,8857
2020-06-11 00:00:00+05:30,379.95,395.0,353.95,364.7,16424
2020-06-12 00:00:00+05:30,338.55,375.0,338.55,366.45,14001
2020-06-15 00:00:00+05:30,380.0,380.0,356.0,363.7,14238
2020-06-16 00:00:00+05:30,369.8,369.9,350.05,363.65,12562
2020-06-17 00:00:00+05:30,358.0,365.9,356.1,362.4,8558
2020-06-18 00:00:00+05:30,364.95,368.0,356.2,361.3,9475
2020-06-19 00:00:00+05:30,368.0,380.0,362.5,369.6,15937
2020-06-22 00:00:00+05:30,370.0,380.0,370.0,374.25,13251
2020-06-23 00:00:00+05:30,376.4,381.0,366.9,377.0,7868
2020-06-24 00:00:00+05:30,380.0,389.05,368.0,369.25,10268
2020-06-25 00:00:00+05:30,367.0,376.0,359.2,372.25,4787
2020-06-26 00:00:00+05:30,368.15,390.8,365.8,384.35,14238
2020-06-29 00:00:00+05:30,384.0,387.4,366.35,372.05,5327
2020-06-30 00:00:00+05:30,372.2,376.0,364.0,366.0,4902
2020-07-01 00:00:00+05:30,371.8,377.0,363.0,371.25,8062
2020-07-02 00:00:00+05:30,373.0,377.8,370.0,374.1,7150
2020-07-03 00:00:00+05:30,379.95,386.0,375.0,379.65,8995
2020-07-06 00:00:00+05:30,388.0,388.0,379.05,381.35,4097
2020-07-07 00:00:00+05:30,380.0,385.0,369.0,378.25,11973
2020-07-08 00:00:00+05:30,382.0,385.0,369.95,372.8,12275
2020-07-09 00:00:00+05:30,371.75,382.0,362.5,375.15,5340
2020-07-10 00:00:00+05:30,375.0,376.8,372.9,374.95,9819
2020-07-13 00:00:00+05:30,379.6,379.6,366.95,368.5,9409
2020-07-14 00:00:00+05:30,367.5,373.65,355.0,366.8,11768
2020-07-15 00:00:00+05:30,369.6,373.4,362.5,364.8,3225
2020-07-16 00:00:00+05:30,360.25,364.65,357.05,361.85,6165
2020-07-17 00:00:00+05:30,363.25,375.9,360.15,366.85,6395
2020-07-20 00:00:00+05:30,366.45,370.95,359.9,368.0,5077
2020-07-21 00:00:00+05:30,368.6,375.0,364.55,372.4,4263
2020-07-22 00:00:00+05:30,374.0,391.7,365.2,386.55,15648
2020-07-23 00:00:00+05:30,393.0,400.0,386.0,387.25,7201
2020-07-24 00:00:00+05:30,385.0,392.0,375.0,384.75,5670
2020-07-27 00:00:00+05:30,378.05,384.75,371.25,374.65,8470
2020-07-28 00:00:00+05:30,374.65,385.3,371.25,374.1,8237
2020-07-29 00:00:00+05:30,375.25,378.0,367.05,371.05,4665
2020-07-30 00:00:00+05:30,373.0,378.0,360.1,368.25,5999
2020-07-31 00:00:00+05:30,367.3,371.45,362.0,365.6,3787
2020-08-03 00:00:00+05:30,365.6,370.9,323.9,360.55,11660
2020-08-04 00:00:00+05:30,360.55,372.3,354.95,370.0,5740
2020-08-05 00:00:00+05:30,372.6,375.6,363.05,365.05,4413
2020-08-06 00:00:00+05:30,371.9,371.9,355.55,362.15,9789
2020-08-07 00:00:00+05:30,359.0,365.0,357.8,360.25,13216
2020-08-10 00:00:00+05:30,363.3,366.95,358.0,360.45,19844
2020-08-11 00:00:00+05:30,364.95,364.95,360.05,361.35,6025
2020-08-12 00:00:00+05:30,361.3,362.5,358.5,359.9,17690
2020-08-13 00:00:00+05:30,362.5,365.0,358.0,359.45,83781
2020-08-14 00:00:00+05:30,362.9,364.9,357.55,359.85,10709
2020-08-17 00:00:00+05:30,362.8,362.8,343.95,360.35,11372
2020-08-18 00:00:00+05:30,360.0,372.95,355.0,359.65,167913
2020-08-19 00:00:00+05:30,358.25,361.95,357.1,359.8,27619
2020-08-20 00:00:00+05:30,358.2,378.4,350.55,372.95,245244
2020-08-21 00:00:00+05:30,377.0,396.0,365.05,371.95,192399
2020-08-24 00:00:00+05:30,374.7,431.75,374.1,416.45,291120
2020-08-25 00:00:00+05:30,425.0,434.7,396.3,403.95,112392
2020-08-26 00:00:00+05:30,406.95,484.7,394.05,431.2,412867
2020-08-27 00:00:00+05:30,437.0,446.0,410.25,424.4,65054
2020-08-28 00:00:00+05:30,429.95,433.7,416.5,424.1,47974
2020-08-31 00:00:00+05:30,439.0,439.0,387.95,401.95,63805
2020-09-01 00:00:00+05:30,401.95,419.0,398.8,415.4,36049
2020-09-02 00:00:00+05:30,416.6,420.8,405.1,407.5,13738
2020-09-03 00:00:00+05:30,410.0,410.0,397.0,400.45,17957
2020-09-04 00:00:00+05:30,394.0,419.0,390.5,402.6,25916
2020-09-07 00:00:00+05:30,403.0,404.8,390.75,395.6,13554
2020-09-08 00:00:00+05:30,399.0,410.0,387.1,392.15,22928
2020-09-09 00:00:00+05:30,385.0,396.95,380.3,386.55,17589
2020-09-10 00:00:00+05:30,386.45,400.3,378.0,386.05,12059
2020-09-11 00:00:00+05:30,386.2,392.0,371.0,381.15,16398
2020-09-14 00:00:00+05:30,389.0,414.0,377.55,408.6,35447
2020-09-15 00:00:00+05:30,410.0,414.0,401.0,405.3,6937
2020-09-16 00:00:00+05:30,408.0,410.95,401.05,405.55,8900
2020-09-17 00:00:00+05:30,406.9,406.9,397.0,400.8,7496
2020-09-18 00:00:00+05:30,406.0,410.0,395.0,397.5,15068
2020-09-21 00:00:00+05:30,397.95,402.25,372.05,378.15,14509
2020-09-22 00:00:00+05:30,378.55,383.95,357.55,374.55,14808
2020-09-23 00:00:00+05:30,386.5,392.75,356.0,389.25,19553
2020-09-24 00:00:00+05:30,385.95,391.45,373.05,387.8,14597
2020-09-25 00:00:00+05:30,390.0,395.95,383.0,392.85,9645
2020-09-28 00:00:00+05:30,396.0,396.0,390.0,392.95,4611
2020-09-29 00:00:00+05:30,395.0,397.0,388.4,390.85,6601
2020-09-30 00:00:00+05:30,390.0,395.95,389.9,392.15,8460
2020-10-01 00:00:00+05:30,390.4,407.2,390.4,404.95,15423
2020-10-05 00:00:00+05:30,409.0,410.0,397.25,407.85,5394
2020-10-06 00:00:00+05:30,397.1,413.0,397.1,403.85,4847
2020-10-07 00:00:00+05:30,402.15,403.65,397.5,400.45,6242
2020-10-08 00:00:00+05:30,409.1,409.1,397.3,399.8,5479
2020-10-09 00:00:00+05:30,405.0,420.0,396.0,409.95,23079
2020-10-12 00:00:00+05:30,413.7,413.7,398.0,400.1,7398
2020-10-13 00:00:00+05:30,409.3,413.05,400.15,407.7,16255
2020-10-14 00:00:00+05:30,409.0,416.9,407.15,411.15,13227
2020-10-15 00:00:00+05:30,417.0,417.0,406.75,410.1,10800
2020-10-16 00:00:00+05:30,417.0,417.0,409.25,410.1,19382
2020-10-19 00:00:00+05:30,410.4,414.95,403.95,407.95,6451
2020-10-20 00:00:00+05:30,405.25,413.8,405.2,407.65,4705
2020-10-21 00:00:00+05:30,415.95,415.95,407.1,409.8,8327
2020-10-22 00:00:00+05:30,406.2,421.75,406.2,418.7,12924
2020-10-23 00:00:00+05:30,412.0,427.0,412.0,418.8,7549
2020-10-26 00:00:00+05:30,413.65,426.0,412.7,418.55,5839
2020-10-27 00:00:00+05:30,411.05,425.4,406.4,419.5,4794
2020-10-28 00:00:00+05:30,421.9,421.9,410.0,413.05,6315
2020-10-29 00:00:00+05:30,413.05,420.8,405.25,411.9,5652
2020-10-30 00:00:00+05:30,419.8,419.8,410.0,412.3,2926
2020-11-02 00:00:00+05:30,410.7,434.0,408.5,424.9,21493
2020-11-03 00:00:00+05:30,431.95,438.05,416.1,430.85,20011
2020-11-04 00:00:00+05:30,434.0,475.0,429.5,463.3,62830
2020-11-05 00:00:00+05:30,472.6,522.0,460.0,500.75,44211
2020-11-06 00:00:00+05:30,500.0,507.65,462.1,467.55,27022
2020-11-09 00:00:00+05:30,467.65,472.85,454.35,458.95,9901
2020-11-10 00:00:00+05:30,470.0,475.0,441.25,453.0,33598
2020-11-11 00:00:00+05:30,456.95,465.95,451.2,456.4,12210
2020-11-12 00:00:00+05:30,451.0,464.65,450.05,461.7,5617
2020-11-13 00:00:00+05:30,464.95,469.0,453.65,461.75,4267
2020-11-14 00:00:00+05:30,464.8,474.0,464.7,471.9,3575
2020-11-17 00:00:00+05:30,478.95,482.0,470.25,480.15,9939
2020-11-18 00:00:00+05:30,480.15,530.0,475.0,515.05,39019
2020-11-19 00:00:00+05:30,515.0,588.0,509.05,547.55,49405
2020-11-20 00:00:00+05:30,550.0,567.95,535.0,542.45,12230
2020-11-23 00:00:00+05:30,547.95,547.95,520.05,525.2,10986
2020-11-24 00:00:00+05:30,525.2,537.5,509.0,521.75,10363
2020-11-25 00:00:00+05:30,525.0,553.8,520.4,546.8,9974
2020-11-26 00:00:00+05:30,555.0,555.0,533.0,535.9,4388
2020-11-27 00:00:00+05:30,547.0,554.95,536.95,541.15,6900
2020-12-01 00:00:00+05:30,550.0,555.1,528.0,530.4,9052
2020-12-02 00:00:00+05:30,544.0,544.0,514.0,521.55,5766
2020-12-03 00:00:00+05:30,517.0,550.0,517.0,538.15,5443
2020-12-04 00:00:00+05:30,550.0,550.15,520.15,531.45,10495
2020-12-07 00:00:00+05:30,535.0,637.7,530.95,612.0,51722
2020-12-08 00:00:00+05:30,612.0,644.0,565.0,582.05,34676
2020-12-09 00:00:00+05:30,580.0,588.9,555.05,564.25,19654
2020-12-10 00:00:00+05:30,568.0,578.0,552.0,555.4,17448
2020-12-11 00:00:00+05:30,556.0,569.0,546.05,564.0,10092
2020-12-14 00:00:00+05:30,566.0,567.9,540.05,547.0,10919
2020-12-15 00:00:00+05:30,551.0,557.4,536.2,541.6,10422
2020-12-16 00:00:00+05:30,548.0,550.9,521.2,545.65,6145
2020-12-17 00:00:00+05:30,553.7,560.0,542.0,549.45,5404
2020-12-18 00:00:00+05:30,551.0,567.7,548.35,556.2,7529
2020-12-21 00:00:00+05:30,565.0,565.0,495.1,503.75,25916
2020-12-22 00:00:00+05:30,519.0,520.0,452.3,509.65,33561
2020-12-23 00:00:00+05:30,509.0,522.95,509.0,514.75,5642
2020-12-24 00:00:00+05:30,517.0,534.95,517.0,521.3,7605
2020-12-28 00:00:00+05:30,521.3,538.95,517.55,523.7,9710
2020-12-29 00:00:00+05:30,529.0,539.6,517.15,524.55,79100
2020-12-30 00:00:00+05:30,520.1,534.35,515.3,525.7,8130
2020-12-31 00:00:00+05:30,526.8,526.8,473.65,517.95,9302
2021-01-01 00:00:00+05:30,507.0,537.0,507.0,529.05,10437
2021-01-04 00:00:00+05:30,538.0,538.0,520.0,532.2,10658
2021-01-05 00:00:00+05:30,523.3,532.2,520.85,526.15,6468
2021-01-06 00:00:00+05:30,528.95,595.0,526.3,560.6,61583
2021-01-07 00:00:00+05:30,563.0,589.9,550.0,554.2,9410
2021-01-08 00:00:00+05:30,554.25,560.0,546.0,556.35,7740
2021-01-11 00:00:00+05:30,557.45,571.9,555.0,558.65,8327
2021-01-12 00:00:00+05:30,557.0,571.75,555.65,558.45,12144
2021-01-13 00:00:00+05:30,558.6,571.0,555.0,555.35,8341
2021-01-14 00:00:00+05:30,556.1,562.15,552.3,555.8,5399
2021-01-15 00:00:00+05:30,546.5,559.9,536.3,549.85,13178
2021-01-18 00:00:00+05:30,543.4,568.35,532.5,539.75,17710
2021-01-19 00:00:00+05:30,537.55,575.0,536.5,566.0,15036
2021-01-20 00:00:00+05:30,566.0,570.0,553.05,560.3,5955
2021-01-21 00:00:00+05:30,563.0,574.3,558.0,566.25,9154
2021-01-22 00:00:00+05:30,563.25,567.35,535.0,549.4,15502
2021-01-25 00:00:00+05:30,562.0,565.85,536.1,541.15,5142
2021-01-27 00:00:00+05:30,535.0,541.75,526.35,528.55,3924
2021-01-28 00:00:00+05:30,524.95,550.0,522.05,545.6,10452
2021-01-29 00:00:00+05:30,547.05,553.45,536.1,549.9,5763
2021-02-01 00:00:00+05:30,545.05,560.0,535.6,555.65,9286
2021-02-02 00:00:00+05:30,555.65,565.0,544.1,551.25,5291
2021-02-03 00:00:00+05:30,553.9,560.5,546.6,556.6,6493
2021-02-04 00:00:00+05:30,555.0,565.0,550.0,553.4,9563
2021-02-05 00:00:00+05:30,555.0,565.0,550.25,556.35,6427
2021-02-08 00:00:00+05:30,565.0,565.0,552.4,562.85,6892
2021-02-09 00:00:00+05:30,562.85,565.0,553.2,562.8,3814
2021-02-10 00:00:00+05:30,557.35,563.5,552.0,555.35,2199
2021-02-11 00:00:00+05:30,555.05,565.0,544.1,548.25,4316
2021-02-12 00:00:00+05:30,550.0,560.0,518.55,544.0,37859
2021-02-15 00:00:00+05:30,555.05,618.95,540.0,587.55,856127
2021-02-16 00:00:00+05:30,630.0,650.0,582.55,590.65,128469
2021-02-17 00:00:00+05:30,588.8,630.0,582.0,613.2,50261
2021-02-18 00:00:00+05:30,620.0,624.9,602.2,607.0,23006
2021-02-19 00:00:00+05:30,615.9,624.95,594.45,606.65,21193
2021-02-22 00:00:00+05:30,624.8,624.8,606.2,611.9,15512
2021-02-23 00:00:00+05:30,616.75,625.0,609.1,613.15,17068
2021-02-24 00:00:00+05:30,622.0,634.0,575.0,611.05,3912
2021-02-25 00:00:00+05:30,614.6,676.0,612.5,636.25,34818
2021-02-26 00:00:00+05:30,616.05,645.65,616.05,637.55,15917
2021-03-01 00:00:00+05:30,623.0,661.9,623.0,650.6,8692
2021-03-02 00:00:00+05:30,660.0,684.0,650.15,668.7,17342
2021-03-03 00:00:00+05:30,668.0,685.0,668.0,681.0,9774
2021-03-04 00:00:00+05:30,680.0,699.85,674.05,678.25,11587
2021-03-05 00:00:00+05:30,680.8,709.7,676.05,682.85,20485
2021-03-08 00:00:00+05:30,685.0,699.95,655.55,661.7,13529
2021-03-09 00:00:00+05:30,669.45,677.5,650.0,653.25,12230
2021-03-10 00:00:00+05:30,655.0,664.8,650.0,650.35,9158
2021-03-12 00:00:00+05:30,654.5,660.0,650.0,650.35,7077
2021-03-15 00:00:00+05:30,651.05,683.35,651.05,663.95,10534
2021-03-16 00:00:00+05:30,684.95,730.0,660.15,695.1,39317
2021-03-17 00:00:00+05:30,714.0,715.0,650.1,663.35,19229
2021-03-18 00:00:00+05:30,681.85,681.9,650.0,652.35,21558
2021-03-19 00:00:00+05:30,652.35,658.15,613.65,651.55,10641
2021-03-22 00:00:00+05:30,651.8,662.35,622.2,626.3,265499
2021-03-23 00:00:00+05:30,631.95,645.0,620.55,631.1,16358
2021-03-24 00:00:00+05:30,631.7,631.7,607.25,611.75,7854
2021-03-25 00:00:00+05:30,606.0,621.65,585.0,616.85,15910
2021-03-26 00:00:00+05:30,629.4,629.4,607.25,612.7,34427
2021-03-30 00:00:00+05:30,612.7,612.7,595.0,598.55,8215
2021-03-31 00:00:00+05:30,602.0,609.8,596.0,606.25,7512
2021-04-01 00:00:00+05:30,606.2,629.45,605.1,615.75,4940
2021-04-05 00:00:00+05:30,608.4,616.8,590.0,600.0,10398
2021-04-06 00:00:00+05:30,604.5,639.7,579.0,621.0,14038
2021-04-07 00:00:00+05:30,639.0,640.0,618.15,631.35,8861
2021-04-08 00:00:00+05:30,620.55,646.5,620.0,622.8,7087
2021-04-09 00:00:00+05:30,630.0,630.0,610.05,616.3,5230
2021-04-12 00:00:00+05:30,615.0,615.0,570.0,588.45,21925
2021-04-13 00:00:00+05:30,582.05,593.25,556.85,563.1,22032
2021-04-15 00:00:00+05:30,567.0,572.7,542.05,560.75,13414
2021-04-16 00:00:00+05:30,569.0,575.0,553.65,573.45,6559
2021-04-19 00:00:00+05:30,569.0,574.95,544.05,563.4,7968
2021-04-20 00:00:00+05:30,566.25,585.75,556.0,575.1,12208
2021-04-22 00:00:00+05:30,571.85,599.5,571.65,586.25,6653
2021-04-23 00:00:00+05:30,598.4,598.4,576.0,582.55,11187
2021-04-26 00:00:00+05:30,580.0,615.0,580.0,605.85,9029
2021-04-27 00:00:00+05:30,605.85,625.0,601.4,611.25,16267
2021-04-28 00:00:00+05:30,610.15,624.9,602.25,611.4,3748
2021-04-29 00:00:00+05:30,611.45,615.15,593.3,601.25,4111
2021-04-30 00:00:00+05:30,605.0,625.0,590.0,619.65,86167
2021-05-03 00:00:00+05:30,610.35,618.7,600.1,609.95,5471
2021-05-04 00:00:00+05:30,631.85,631.85,607.25,611.6,5062
2021-05-05 00:00:00+05:30,611.8,613.85,590.5,602.55,24308
2021-05-06 00:00:00+05:30,608.3,623.45,601.0,609.1,5123
2021-05-07 00:00:00+05:30,616.0,616.0,588.6,599.45,56062
2021-05-10 00:00:00+05:30,605.0,612.05,592.0,596.0,6470
2021-05-11 00:00:00+05:30,593.0,603.05,591.95,600.1,10025
2021-05-12 00:00:00+05:30,595.4,604.7,591.05,592.1,5465
2021-05-14 00:00:00+05:30,600.0,608.0,576.0,585.0,8864
2021-05-17 00:00:00+05:30,593.45,614.55,587.7,588.7,13975
2021-05-18 00:00:00+05:30,596.6,598.95,578.0,580.35,7024
2021-05-19 00:00:00+05:30,585.95,595.0,567.0,578.95,52002
2021-05-20 00:00:00+05:30,585.55,587.95,569.1,581.6,16053
2021-05-21 00:00:00+05:30,586.9,639.5,584.2,618.6,72406
2021-05-24 00:00:00+05:30,617.0,624.5,602.4,607.9,10913
2021-05-25 00:00:00+05:30,613.2,631.2,611.9,621.45,11890
2021-05-26 00:00:00+05:30,620.95,630.0,610.05,613.4,11366
2021-05-27 00:00:00+05:30,616.0,625.75,601.05,606.95,7112
2021-05-28 00:00:00+05:30,612.0,620.0,603.05,615.9,3422
2021-05-31 00:00:00+05:30,620.0,627.0,596.55,612.15,8961
2021-06-01 00:00:00+05:30,620.0,705.0,610.5,682.3,67010
2021-06-02 00:00:00+05:30,688.0,690.0,655.0,674.6,33605
2021-06-03 00:00:00+05:30,696.0,717.85,674.65,680.7,56148
2021-06-04 00:00:00+05:30,680.7,699.15,665.85,678.05,15812
2021-06-07 00:00:00+05:30,684.05,699.0,671.25,678.75,13469
2021-06-08 00:00:00+05:30,678.75,685.75,669.0,670.9,8532
2021-06-09 00:00:00+05:30,668.0,679.45,642.15,652.75,12605
2021-06-10 00:00:00+05:30,665.9,690.0,664.15,684.65,15073
2021-06-11 00:00:00+05:30,700.0,705.55,680.05,681.95,24216
2021-06-14 00:00:00+05:30,683.0,698.95,650.5,685.0,18678
2021-06-15 00:00:00+05:30,678.0,705.0,675.0,679.4,21408
2021-06-16 00:00:00+05:30,689.9,689.9,667.7,674.65,6015
2021-06-17 00:00:00+05:30,672.0,683.75,661.15,665.7,13062
2021-06-18 00:00:00+05:30,666.25,684.0,650.0,673.1,8147
2021-06-21 00:00:00+05:30,670.0,690.0,652.55,660.1,8659
2021-06-22 00:00:00+05:30,679.0,679.0,648.2,653.8,9161
2021-06-23 00:00:00+05:30,658.05,659.85,646.0,647.95,5739
2021-06-24 00:00:00+05:30,652.5,652.5,642.3,644.0,3061
2021-06-25 00:00:00+05:30,647.4,671.95,642.25,650.25,13179
2021-06-28 00:00:00+05:30,654.85,659.0,643.1,645.3,4005
2021-06-29 00:00:00+05:30,645.3,664.0,645.3,655.85,6193
2021-06-30 00:00:00+05:30,659.0,663.95,651.35,658.35,6680
2021-07-01 00:00:00+05:30,659.0,690.0,657.0,661.55,8693
2021-07-02 00:00:00+05:30,662.95,685.0,660.05,666.6,8463
2021-07-05 00:00:00+05:30,666.6,685.0,659.95,678.35,11789
2021-07-06 00:00:00+05:30,670.2,700.0,670.2,683.95,28029
2021-07-07 00:00:00+05:30,695.0,715.0,680.1,691.35,14163
2021-07-08 00:00:00+05:30,692.0,700.0,681.75,687.2,4075
2021-07-09 00:00:00+05:30,687.95,698.0,685.55,689.7,6817
2021-07-12 00:00:00+05:30,695.0,760.0,687.15,751.7,139896
2021-07-13 00:00:00+05:30,761.9,842.45,761.9,783.3,301536
2021-07-14 00:00:00+05:30,789.85,791.95,761.0,769.3,18132
2021-07-15 00:00:00+05:30,769.65,799.9,765.1,781.8,28665
2021-07-16 00:00:00+05:30,788.7,788.7,756.0,763.4,10568
2021-07-19 00:00:00+05:30,766.9,766.9,741.35,751.45,16517
2021-07-20 00:00:00+05:30,757.7,775.0,734.0,756.8,27272
2021-07-22 00:00:00+05:30,762.3,768.9,748.05,760.65,8839
2021-07-23 00:00:00+05:30,763.0,774.95,740.05,746.25,11254
2021-07-26 00:00:00+05:30,749.75,753.25,730.6,738.9,11486
2021-07-27 00:00:00+05:30,754.95,758.9,709.15,723.6,11286
2021-07-28 00:00:00+05:30,732.0,765.0,715.7,746.45,9766
2021-07-29 00:00:00+05:30,760.0,760.0,736.1,745.65,8155
2021-07-30 00:00:00+05:30,740.0,748.05,732.25,741.65,4300
2021-08-02 00:00:00+05:30,746.9,758.2,725.5,736.6,10108
2021-08-03 00:00:00+05:30,736.1,742.7,729.25,732.45,8257
2021-08-04 00:00:00+05:30,738.0,764.3,736.85,753.55,14411
2021-08-05 00:00:00+05:30,753.8,764.0,731.3,734.25,9043
2021-08-06 00:00:00+05:30,734.5,741.25,720.25,729.1,5573
2021-08-09 00:00:00+05:30,735.0,742.25,695.0,706.05,12809
2021-08-10 00:00:00+05:30,706.05,725.0,674.45,694.4,10415
2021-08-11 00:00:00+05:30,694.4,772.8,684.2,736.9,40039
2021-08-12 00:00:00+05:30,742.05,782.0,725.0,754.7,54367
2021-08-13 00:00:00+05:30,754.3,765.0,739.95,743.45,7289
2021-08-16 00:00:00+05:30,743.45,824.95,743.45,776.8,116033
2021-08-17 00:00:00+05:30,783.0,783.0,750.05,759.7,19959
2021-08-18 00:00:00+05:30,761.8,790.0,750.1,770.55,26048
2021-08-20 00:00:00+05:30,750.0,782.0,750.0,755.85,30470
2021-08-23 00:00:00+05:30,750.5,770.0,750.05,751.45,13281
2021-08-24 00:00:00+05:30,751.2,817.3,751.0,787.15,35360
2021-08-25 00:00:00+05:30,779.0,845.0,775.5,826.0,225178
2021-08-26 00:00:00+05:30,831.7,859.0,822.0,836.7,112707
2021-08-27 00:00:00+05:30,836.7,836.7,797.35,816.2,37679
2021-08-30 00:00:00+05:30,825.7,842.3,804.0,809.7,50888
2021-08-31 00:00:00+05:30,818.45,850.0,813.7,848.7,69246
2021-09-01 00:00:00+05:30,860.0,868.0,839.0,847.7,61899
2021-09-02 00:00:00+05:30,863.0,878.0,850.15,861.0,98818
2021-09-03 00:00:00+05:30,869.7,870.3,849.0,857.8,19314
2021-09-06 00:00:00+05:30,882.65,882.65,840.3,852.95,46093
2021-09-07 00:00:00+05:30,860.0,875.0,858.7,869.45,34138
2021-09-08 00:00:00+05:30,878.0,886.85,855.15,862.25,43923
2021-09-09 00:00:00+05:30,870.0,882.0,862.45,870.6,14473
2021-09-13 00:00:00+05:30,881.0,881.0,868.05,871.3,11297
2021-09-14 00:00:00+05:30,879.7,879.7,848.0,853.65,13043
2021-09-15 00:00:00+05:30,863.7,870.0,827.0,831.65,31162
2021-09-16 00:00:00+05:30,831.0,845.0,831.0,837.95,15109
2021-09-17 00:00:00+05:30,849.0,867.2,832.2,856.85,33956
2021-09-20 00:00:00+05:30,870.0,870.0,825.0,828.15,18278
2021-09-21 00:00:00+05:30,834.0,848.15,810.0,829.35,19726
2021-09-22 00:00:00+05:30,858.0,873.85,815.15,827.3,43188
2021-09-23 00:00:00+05:30,833.95,863.45,826.0,856.5,24877
2021-09-24 00:00:00+05:30,868.0,868.0,843.0,849.65,6978
2021-09-27 00:00:00+05:30,867.0,883.0,840.45,873.85,27387
2021-09-28 00:00:00+05:30,882.65,885.0,860.1,878.25,14300
2021-09-29 00:00:00+05:30,880.0,882.65,862.0,867.4,9793
2021-09-30 00:00:00+05:30,877.7,900.0,863.3,869.0,19364
2021-10-01 00:00:00+05:30,860.0,878.8,835.5,845.45,22008
2021-10-04 00:00:00+05:30,858.0,883.95,817.55,842.1,48795
2021-10-05 00:00:00+05:30,833.95,833.95,816.55,826.85,25887
2021-10-06 00:00:00+05:30,835.0,845.55,831.8,836.65,10582
2021-10-07 00:00:00+05:30,844.0,864.95,825.0,845.7,20971
2021-10-08 00:00:00+05:30,859.0,870.35,843.9,853.9,18425
2021-10-11 00:00:00+05:30,863.7,865.0,851.6,855.5,9380
2021-10-12 00:00:00+05:30,861.45,864.75,831.25,841.0,9719
2021-10-13 00:00:00+05:30,843.55,865.0,832.0,850.05,17193
2021-10-14 00:00:00+05:30,869.0,869.0,841.55,849.55,10877
2021-10-18 00:00:00+05:30,865.0,872.8,843.65,853.4,15680
2021-10-19 00:00:00+05:30,860.0,866.0,831.15,832.3,13344
2021-10-20 00:00:00+05:30,825.0,834.9,810.05,827.45,11337
2021-10-21 00:00:00+05:30,837.45,839.8,820.0,834.6,13148
2021-10-22 00:00:00+05:30,834.6,848.7,802.0,807.5,14953
2021-10-25 00:00:00+05:30,814.0,830.5,750.0,809.3,43483
2021-10-26 00:00:00+05:30,817.0,856.75,810.0,840.6,27599
2021-10-27 00:00:00+05:30,840.6,842.95,817.45,837.9,16239
2021-10-28 00:00:00+05:30,830.0,855.0,825.55,836.1,19037
2021-10-29 00:00:00+05:30,828.2,838.0,808.95,831.6,11614
2021-11-01 00:00:00+05:30,856.0,900.0,786.4,849.95,117717
2021-11-02 00:00:00+05:30,865.0,870.0,837.15,851.65,17288
2021-11-03 00:00:00+05:30,869.95,890.0,857.55,867.45,31154
2021-11-04 00:00:00+05:30,867.45,887.45,865.05,879.15,8768
2021-11-08 00:00:00+05:30,871.15,925.0,868.8,901.8,54424
2021-11-09 00:00:00+05:30,914.7,945.0,907.45,915.15,82003
2021-11-10 00:00:00+05:30,918.0,933.3,891.05,925.05,27366
2021-11-11 00:00:00+05:30,930.0,942.0,925.0,939.45,29176
2021-11-12 00:00:00+05:30,939.45,944.95,907.95,925.2,47004
2021-11-15 00:00:00+05:30,926.0,979.0,926.0,975.15,79553
2021-11-16 00:00:00+05:30,984.0,987.0,961.5,975.25,37942
2021-11-17 00:00:00+05:30,974.7,985.0,917.0,949.4,25293
2021-11-18 00:00:00+05:30,949.4,952.2,890.1,903.5,22405
2021-11-22 00:00:00+05:30,905.15,929.95,879.2,891.4,38893
2021-11-23 00:00:00+05:30,902.0,916.0,883.85,893.75,15062
2021-11-24 00:00:00+05:30,895.25,921.0,893.0,911.95,10079
2021-11-25 00:00:00+05:30,925.0,936.95,915.0,929.95,66115
2021-11-26 00:00:00+05:30,915.0,919.25,892.9,902.45,27693
2021-11-29 00:00:00+05:30,873.0,892.45,802.5,861.15,28216
2021-11-30 00:00:00+05:30,855.0,880.6,855.0,877.2,11470
2021-12-01 00:00:00+05:30,857.05,878.0,846.3,854.85,38198
2021-12-02 00:00:00+05:30,860.0,863.65,847.0,852.25,7117
2021-12-03 00:00:00+05:30,842.05,865.0,842.05,855.05,10397
2021-12-06 00:00:00+05:30,830.05,868.4,830.05,850.1,28699
2021-12-07 00:00:00+05:30,871.0,871.0,847.0,859.7,10205
2021-12-08 00:00:00+05:30,860.0,865.55,845.7,849.55,11304
2021-12-09 00:00:00+05:30,868.0,868.0,836.9,850.1,41752
2021-12-10 00:00:00+05:30,850.1,854.0,833.0,844.3,5374
2021-12-13 00:00:00+05:30,859.8,876.35,845.2,856.5,42076
2021-12-14 00:00:00+05:30,852.8,879.0,844.4,855.7,84996
2021-12-15 00:00:00+05:30,855.0,869.85,854.15,865.8,9377
2021-12-16 00:00:00+05:30,877.0,914.0,876.65,894.35,28314
2021-12-17 00:00:00+05:30,870.2,901.7,860.0,876.45,7148
2021-12-20 00:00:00+05:30,860.1,894.8,830.0,855.7,11941
2021-12-21 00:00:00+05:30,855.05,868.4,845.4,852.85,13780
2021-12-22 00:00:00+05:30,862.0,865.25,853.25,855.05,5224
2021-12-23 00:00:00+05:30,855.6,873.75,839.9,847.5,15679
2021-12-24 00:00:00+05:30,866.0,912.8,842.55,873.25,16820
2021-12-27 00:00:00+05:30,868.0,889.9,855.0,870.6,10216
2021-12-28 00:00:00+05:30,870.6,893.0,870.6,881.7,5699
2021-12-29 00:00:00+05:30,866.2,893.15,866.2,877.05,6415
2021-12-30 00:00:00+05:30,875.05,914.9,872.65,881.2,16727
2021-12-31 00:00:00+05:30,881.0,920.75,881.0,891.3,48384
2022-01-03 00:00:00+05:30,909.95,909.95,893.0,900.65,11198
2022-01-04 00:00:00+05:30,910.0,912.0,895.0,897.9,7748
2022-01-05 00:00:00+05:30,899.95,900.0,882.05,885.5,6331
2022-01-06 00:00:00+05:30,890.0,935.0,869.75,904.55,7956
2022-01-07 00:00:00+05:30,904.0,947.0,890.0,935.3,20385
2022-01-10 00:00:00+05:30,939.75,945.0,917.75,943.35,12481
2022-01-11 00:00:00+05:30,922.65,940.7,922.65,928.3,3808
2022-01-12 00:00:00+05:30,940.0,940.8,911.0,930.3,4713
2022-01-13 00:00:00+05:30,920.3,949.95,915.0,922.9,8371
2022-01-14 00:00:00+05:30,915.9,930.0,898.1,909.35,13171
2022-01-17 00:00:00+05:30,916.5,926.45,914.0,917.85,12185
2022-01-18 00:00:00+05:30,950.0,950.0,919.0,933.6,9899
2022-01-19 00:00:00+05:30,908.2,939.25,908.2,925.55,2620
2022-01-20 00:00:00+05:30,925.55,945.0,903.05,941.85,5367
2022-01-21 00:00:00+05:30,945.0,945.0,910.0,924.55,7990
2022-01-24 00:00:00+05:30,924.55,927.2,903.0,911.3,13512
2022-01-25 00:00:00+05:30,911.0,924.8,900.0,904.75,6957
2022-01-27 00:00:00+05:30,904.0,915.7,882.8,908.75,8037
2022-01-28 00:00:00+05:30,910.0,919.8,882.0,889.8,4106
2022-01-31 00:00:00+05:30,888.85,919.1,884.75,891.95,6586
2022-02-01 00:00:00+05:30,905.0,913.45,880.0,890.4,8473
2022-02-02 00:00:00+05:30,914.9,1020.0,914.0,974.25,148255
2022-02-03 00:00:00+05:30,972.0,992.6,956.5,983.1,17812
2022-02-04 00:00:00+05:30,966.0,989.8,951.0,957.15,12370
2022-02-07 00:00:00+05:30,969.95,1033.4,961.95,1007.8,42156
2022-02-08 00:00:00+05:30,1018.3,1051.05,970.0,979.5,62689
2022-02-09 00:00:00+05:30,980.0,993.25,950.0,951.15,16247
2022-02-10 00:00:00+05:30,953.95,956.8,912.3,920.45,13067
2022-02-11 00:00:00+05:30,908.1,917.95,885.0,890.35,14460
2022-02-14 00:00:00+05:30,866.1,922.2,852.1,885.55,10344
2022-02-15 00:00:00+05:30,897.95,906.1,875.0,886.05,11074
2022-02-16 00:00:00+05:30,880.0,905.0,861.05,871.05,10638
2022-02-17 00:00:00+05:30,885.0,894.0,861.95,882.8,5680
2022-02-18 00:00:00+05:30,872.0,884.45,863.05,867.5,4185
2022-02-21 00:00:00+05:30,875.0,875.5,824.0,826.45,13688
2022-02-22 00:00:00+05:30,782.25,838.0,780.05,833.1,16256
2022-02-23 00:00:00+05:30,836.6,855.95,836.6,845.95,5809
2022-02-24 00:00:00+05:30,830.0,859.55,790.4,829.8,15492
2022-02-25 00:00:00+05:30,820.0,848.2,820.0,827.25,11494
2022-02-28 00:00:00+05:30,830.0,839.5,819.1,828.8,4136
2022-03-02 00:00:00+05:30,835.0,858.7,815.0,823.95,9790
2022-03-03 00:00:00+05:30,844.5,898.0,840.0,875.85,17344
2022-03-04 00:00:00+05:30,875.0,902.85,856.75,881.35,6723
2022-03-07 00:00:00+05:30,898.0,898.0,840.7,859.15,10281
2022-03-08 00:00:00+05:30,866.0,879.0,850.0,855.2,3883
2022-03-09 00:00:00+05:30,866.0,893.15,851.1,853.0,8561
2022-03-10 00:00:00+05:30,889.0,889.0,860.0,877.45,5235
2022-03-11 00:00:00+05:30,881.0,940.0,872.0,900.65,59575
2022-03-14 00:00:00+05:30,900.65,965.0,880.05,929.05,13269
2022-03-15 00:00:00+05:30,920.1,939.3,913.1,930.95,10992
2022-03-16 00:00:00+05:30,935.0,940.0,924.3,930.2,3865
2022-03-17 00:00:00+05:30,936.85,955.5,927.6,949.6,8525
2022-03-21 00:00:00+05:30,932.0,945.45,906.8,935.6,17552
2022-03-22 00:00:00+05:30,945.0,950.6,921.45,945.0,8295
2022-03-23 00:00:00+05:30,948.95,960.0,926.0,932.15,15971
2022-03-24 00:00:00+05:30,920.2,955.0,919.95,925.5,21591
2022-03-25 00:00:00+05:30,927.4,946.0,910.0,912.75,7388
2022-03-28 00:00:00+05:30,927.0,940.05,900.45,925.75,9613
2022-03-29 00:00:00+05:30,920.25,928.0,900.0,909.95,21184
2022-03-30 00:00:00+05:30,912.25,990.9,911.2,972.9,20836
2022-03-31 00:00:00+05:30,972.9,994.05,956.65,974.5,10358
2022-04-01 00:00:00+05:30,970.0,985.45,957.75,972.0,5979
2022-04-04 00:00:00+05:30,972.0,1013.1,962.2,981.75,20811
2022-04-05 00:00:00+05:30,984.1,999.0,978.0,987.85,7535
2022-04-06 00:00:00+05:30,985.0,992.85,950.0,956.05,6904
2022-04-07 00:00:00+05:30,960.0,977.9,940.55,944.95,8455
2022-04-08 00:00:00+05:30,985.0,985.0,959.45,967.8,15511
2022-04-11 00:00:00+05:30,960.0,971.0,948.0,950.85,7530
2022-04-12 00:00:00+05:30,951.35,970.0,935.0,962.55,6142
2022-04-13 00:00:00+05:30,964.0,989.8,964.0,974.9,14109
2022-04-18 00:00:00+05:30,955.0,1016.4,955.0,984.25,19538
2022-04-19 00:00:00+05:30,984.5,1010.0,960.0,973.4,10518
2022-04-20 00:00:00+05:30,973.4,997.2,932.0,954.8,12385
2022-04-21 00:00:00+05:30,954.2,993.95,953.0,969.6,7493
2022-04-22 00:00:00+05:30,970.0,974.0,950.0,952.4,4724
2022-04-25 00:00:00+05:30,950.0,960.0,933.75,953.65,7272
2022-04-26 00:00:00+05:30,950.95,970.35,950.0,950.7,5980
2022-04-27 00:00:00+05:30,948.5,957.55,932.05,950.0,3795
2022-04-28 00:00:00+05:30,944.2,955.65,925.0,933.85,3754
2022-04-29 00:00:00+05:30,940.6,965.2,928.05,941.75,39143
2022-05-02 00:00:00+05:30,955.9,970.0,924.05,955.05,7584
2022-05-04 00:00:00+05:30,956.0,959.95,928.3,946.0,10590
2022-05-05 00:00:00+05:30,944.75,962.05,930.45,939.85,6352
2022-05-06 00:00:00+05:30,925.75,1018.0,907.4,924.65,9345
2022-05-09 00:00:00+05:30,924.65,980.0,912.5,973.5,14972
2022-05-10 00:00:00+05:30,962.0,974.9,940.0,949.95,6808
2022-05-11 00:00:00+05:30,958.0,974.0,853.0,910.85,13542
2022-05-12 00:00:00+05:30,930.0,930.0,892.1,906.75,4631
2022-05-13 00:00:00+05:30,932.0,960.0,880.0,898.0,50892
2022-05-16 00:00:00+05:30,880.0,890.55,819.2,835.9,37179
2022-05-17 00:00:00+05:30,856.9,960.0,845.0,913.6,17088
2022-05-18 00:00:00+05:30,913.6,947.05,904.05,933.85,10569
2022-05-19 00:00:00+05:30,946.0,946.0,901.0,918.95,12269
2022-05-20 00:00:00+05:30,932.75,935.0,910.0,915.7,8375
2022-05-23 00:00:00+05:30,929.45,929.85,886.0,903.95,8354
2022-05-24 00:00:00+05:30,913.0,913.0,880.0,882.3,23907
2022-05-25 00:00:00+05:30,887.4,910.0,874.4,900.9,24164
2022-05-26 00:00:00+05:30,914.4,914.4,874.95,894.55,9680
2022-05-27 00:00:00+05:30,900.15,919.95,897.35,912.2,3834
2022-05-30 00:00:00+05:30,920.05,928.0,910.15,919.2,3694
2022-05-31 00:00:00+05:30,926.0,932.0,915.0,917.0,3039
2022-06-01 00:00:00+05:30,924.6,931.0,910.0,917.8,29603
2022-06-02 00:00:00+05:30,932.0,940.0,906.65,919.45,6530
2022-06-03 00:00:00+05:30,920.25,939.95,901.1,913.55,17395
2022-06-06 00:00:00+05:30,910.7,917.65,883.55,898.5,18003
2022-06-07 00:00:00+05:30,900.2,913.0,892.6,905.0,6922
2022-06-08 00:00:00+05:30,905.0,929.7,899.05,904.5,4772
2022-06-09 00:00:00+05:30,903.3,939.7,900.0,928.9,8355
2022-06-10 00:00:00+05:30,928.9,945.0,915.0,938.3,9140
2022-06-13 00:00:00+05:30,913.0,927.65,899.95,905.4,3503
2022-06-14 00:00:00+05:30,910.9,912.55,890.0,891.75,16252
2022-06-15 00:00:00+05:30,899.5,928.0,895.15,905.3,3763
2022-06-16 00:00:00+05:30,923.0,923.0,900.0,901.6,23824
2022-06-17 00:00:00+05:30,887.0,902.95,887.0,892.0,6529
2022-06-20 00:00:00+05:30,904.0,929.95,888.35,894.45,9763
2022-06-21 00:00:00+05:30,899.9,925.0,895.0,907.3,2734
2022-06-22 00:00:00+05:30,914.5,920.05,900.0,907.25,5674
2022-06-23 00:00:00+05:30,906.95,917.5,901.85,909.8,3374
2022-06-24 00:00:00+05:30,914.8,929.3,891.25,919.3,4166
2022-06-27 00:00:00+05:30,923.95,930.0,913.05,925.4,2836
2022-06-28 00:00:00+05:30,916.75,974.35,916.75,954.3,8752
2022-06-29 00:00:00+05:30,950.0,950.0,913.95,924.55,6552
2022-06-30 00:00:00+05:30,928.95,964.0,909.2,922.8,5574
2022-07-01 00:00:00+05:30,920.7,934.85,915.0,919.25,13685
2022-07-04 00:00:00+05:30,926.0,949.35,916.8,936.25,3134
2022-07-05 00:00:00+05:30,948.0,962.0,935.2,949.35,4000
2022-07-06 00:00:00+05:30,940.1,957.1,939.3,945.25,3443
2022-07-07 00:00:00+05:30,948.0,950.0,913.65,931.25,12005
2022-07-08 00:00:00+05:30,932.3,949.85,928.5,940.2,3794
2022-07-11 00:00:00+05:30,944.0,1011.0,934.75,1000.1,29577
2022-07-12 00:00:00+05:30,999.9,999.9,972.0,980.15,10405
2022-07-13 00:00:00+05:30,997.9,997.9,980.0,986.05,5074
2022-07-14 00:00:00+05:30,992.05,992.05,975.0,977.65,6467
2022-07-15 00:00:00+05:30,977.7,1069.5,964.9,1038.85,31780
2022-07-18 00:00:00+05:30,1073.0,1125.0,1056.4,1095.8,62347
2022-07-19 00:00:00+05:30,1100.0,1194.0,1085.0,1105.35,107682
2022-07-20 00:00:00+05:30,1100.0,1146.0,1090.7,1113.6,29569
2022-07-21 00:00:00+05:30,1119.9,1142.35,1084.95,1097.25,18202
2022-07-22 00:00:00+05:30,1109.0,1123.95,1100.6,1105.15,9408
2022-07-25 00:00:00+05:30,1116.2,1130.65,1072.0,1117.05,12641
2022-07-26 00:00:00+05:30,1130.0,1130.0,1102.1,1109.3,6238
2022-07-27 00:00:00+05:30,1083.05,1119.0,1083.05,1114.3,8078
2022-07-28 00:00:00+05:30,1162.0,1169.0,1086.0,1109.15,21932
2022-07-29 00:00:00+05:30,1115.9,1129.95,1086.0,1111.75,5379
2022-08-01 00:00:00+05:30,1125.45,1140.0,1114.95,1135.2,9017
2022-08-02 00:00:00+05:30,1145.4,1200.0,1132.5,1181.75,17465
2022-08-03 00:00:00+05:30,1180.0,1270.0,1159.6,1228.8,34353
2022-08-04 00:00:00+05:30,1228.8,1230.0,1171.0,1196.4,16823
2022-08-05 00:00:00+05:30,1196.4,1223.75,1165.5,1173.2,8151
2022-08-08 00:00:00+05:30,1160.0,1217.95,1160.0,1201.15,9051
2022-08-10 00:00:00+05:30,1209.25,1211.5,1112.35,1151.3,28435
2022-08-11 00:00:00+05:30,1160.0,1381.55,1134.3,1363.35,433511
2022-08-12 00:00:00+05:30,1312.0,1380.0,1294.85,1340.25,76058
2022-08-16 00:00:00+05:30,1340.25,1425.0,1322.85,1360.45,77635
2022-08-17 00:00:00+05:30,1350.0,1450.4,1341.7,1421.0,28305
2022-08-18 00:00:00+05:30,1409.0,1440.8,1372.95,1429.75,89111
2022-08-19 00:00:00+05:30,1430.0,1465.0,1380.0,1450.75,27694
2022-08-22 00:00:00+05:30,1452.0,1457.05,1400.0,1412.15,14173
2022-08-23 00:00:00+05:30,1385.2,1453.85,1385.2,1425.4,18311
2022-08-24 00:00:00+05:30,1438.0,1543.65,1428.0,1526.75,68860
2022-08-25 00:00:00+05:30,1539.0,1560.95,1450.0,1472.0,33694
2022-08-26 00:00:00+05:30,1489.0,1510.0,1464.55,1493.5,16173
2022-08-29 00:00:00+05:30,1497.0,1560.0,1463.4,1547.1,35618
2022-08-30 00:00:00+05:30,1574.3,1576.0,1525.5,1545.1,20967
2022-09-01 00:00:00+05:30,1545.0,1557.5,1501.0,1511.7,15940
2022-09-02 00:00:00+05:30,1511.7,1546.55,1490.5,1527.6,15737
2022-09-05 00:00:00+05:30,1527.6,1541.95,1475.1,1493.7,95766
2022-09-06 00:00:00+05:30,1500.1,1513.75,1430.0,1441.35,25544
2022-09-07 00:00:00+05:30,1442.0,1530.0,1442.0,1517.35,19129
2022-09-08 00:00:00+05:30,1537.95,1550.0,1494.8,1530.1,35958
2022-09-09 00:00:00+05:30,1530.1,1545.0,1462.35,1513.4,12956
2022-09-12 00:00:00+05:30,1530.0,1598.0,1510.0,1568.7,29213
2022-09-13 00:00:00+05:30,1568.7,1619.95,1568.7,1599.4,31044
2022-09-14 00:00:00+05:30,1570.0,1615.3,1555.0,1599.7,13926
2022-09-15 00:00:00+05:30,1617.75,1714.4,1556.6,1580.3,35452
2022-09-16 00:00:00+05:30,1580.3,1589.65,1440.0,1495.4,149121
2022-09-19 00:00:00+05:30,1495.05,1583.6,1495.05,1569.25,25563
2022-09-20 00:00:00+05:30,1585.8,1604.5,1573.0,1591.2,21828
2022-09-21 00:00:00+05:30,1599.2,1600.0,1560.0,1588.5,15972
2022-09-22 00:00:00+05:30,1564.65,1593.3,1560.25,1576.6,6822
2022-09-23 00:00:00+05:30,1574.2,1610.0,1545.0,1599.35,18772
2022-09-26 00:00:00+05:30,1618.0,1618.0,1452.2,1545.2,30119
2022-09-27 00:00:00+05:30,1531.0,1599.0,1529.75,1584.6,682143
2022-09-28 00:00:00+05:30,1596.8,1604.95,1550.55,1588.85,28751
2022-09-29 00:00:00+05:30,1613.6,1685.0,1595.15,1671.25,36556
2022-09-30 00:00:00+05:30,1670.0,1731.0,1640.6,1649.45,73909
2022-10-03 00:00:00+05:30,1647.0,1782.0,1626.2,1755.7,64039
2022-10-04 00:00:00+05:30,1760.05,1885.0,1742.1,1861.7,70520
2022-10-06 00:00:00+05:30,1862.0,1909.2,1852.35,1869.8,32853
2022-10-07 00:00:00+05:30,1855.7,1894.9,1828.75,1863.45,21987
2022-10-10 00:00:00+05:30,1879.95,1882.65,1742.4,1756.9,34838
2022-10-11 00:00:00+05:30,1766.95,1795.05,1701.0,1731.9,12448
2022-10-12 00:00:00+05:30,1751.0,1757.9,1716.0,1745.55,10512
2022-10-13 00:00:00+05:30,1735.2,1810.0,1707.6,1720.2,20797
2022-10-14 00:00:00+05:30,1746.0,1764.95,1682.1,1701.25,12481
2022-10-17 00:00:00+05:30,1717.0,1760.95,1708.8,1735.85,12258
2022-10-18 00:00:00+05:30,1751.5,1786.95,1677.0,1708.3,33052
2022-10-19 00:00:00+05:30,1741.95,1754.95,1712.35,1731.75,20122
2022-10-20 00:00:00+05:30,1746.5,1790.95,1736.65,1769.75,20232
2022-10-21 00:00:00+05:30,1782.0,1787.25,1716.8,1740.2,8408
2022-10-24 00:00:00+05:30,1761.75,1787.15,1750.35,1778.3,3212
2022-10-25 00:00:00+05:30,1769.25,1799.0,1756.8,1769.95,20617
2022-10-27 00:00:00+05:30,1789.95,1819.05,1772.45,1796.25,14907
2022-10-28 00:00:00+05:30,1811.9,1814.95,1788.45,1805.7,11268
2022-10-31 00:00:00+05:30,1847.95,1888.95,1796.65,1857.45,26319
2022-11-01 00:00:00+05:30,1857.45,1912.0,1766.05,1842.15,34463
2022-11-02 00:00:00+05:30,1869.8,1869.8,1812.05,1851.95,7797
2022-11-03 00:00:00+05:30,1837.75,1860.0,1819.0,1858.5,8815
2022-11-04 00:00:00+05:30,1858.0,1893.35,1773.55,1810.65,114679
2022-11-07 00:00:00+05:30,1838.95,1880.0,1814.85,1857.2,20193
2022-11-09 00:00:00+05:30,1857.2,1865.9,1835.0,1843.3,23328
2022-11-10 00:00:00+05:30,1842.0,1977.0,1841.95,1929.75,98872
2022-11-11 00:00:00+05:30,1926.0,1964.95,1682.4,1871.5,86612
2022-11-14 00:00:00+05:30,1869.9,1923.75,1852.1,1867.25,39746
2022-11-15 00:00:00+05:30,1790.0,1790.0,1693.6,1725.35,121000
2022-11-16 00:00:00+05:30,1725.0,1739.5,1651.0,1695.75,57366
2022-11-17 00:00:00+05:30,1715.0,1728.4,1685.0,1697.65,20706
2022-11-18 00:00:00+05:30,1710.0,1724.45,1660.5,1675.8,17431
2022-11-21 00:00:00+05:30,1675.8,1746.6,1650.0,1731.15,32928
2022-11-22 00:00:00+05:30,1735.0,1740.0,1691.3,1708.7,19977
2022-11-23 00:00:00+05:30,1708.7,1736.95,1692.0,1706.15,18022
2022-11-24 00:00:00+05:30,1710.0,1745.0,1702.0,1730.05,16798
2022-11-25 00:00:00+05:30,1736.2,1741.4,1695.45,1700.65,14326
2022-11-28 00:00:00+05:30,1700.0,1702.95,1625.35,1653.2,45009
2022-11-29 00:00:00+05:30,1658.0,1676.75,1617.3,1631.15,29679
2022-11-30 00:00:00+05:30,1637.4,1683.15,1613.75,1632.0,189829
2022-12-01 00:00:00+05:30,1653.6,1715.4,1651.0,1661.45,28002
2022-12-02 00:00:00+05:30,1680.8,1690.0,1637.2,1653.7,15118
2022-12-05 00:00:00+05:30,1669.55,1688.95,1650.0,1663.55,6606
2022-12-06 00:00:00+05:30,1666.45,1709.0,1646.55,1665.75,6254
2022-12-07 00:00:00+05:30,1682.4,1689.4,1659.35,1666.05,5434
2022-12-08 00:00:00+05:30,1662.95,1671.95,1642.0,1649.8,7886
2022-12-09 00:00:00+05:30,1663.85,1663.85,1625.0,1634.85,6006
2022-12-12 00:00:00+05:30,1648.95,1679.95,1626.3,1652.6,6103
2022-12-13 00:00:00+05:30,1639.35,1685.0,1639.35,1678.2,6452
2022-12-14 00:00:00+05:30,1692.45,1750.0,1667.0,1740.85,20937
2022-12-15 00:00:00+05:30,1735.0,1766.05,1731.0,1760.55,33873
2022-12-16 00:00:00+05:30,1760.0,1760.0,1702.0,1719.8,18820
2022-12-19 00:00:00+05:30,1737.15,1737.15,1705.05,1717.35,38472
2022-12-20 00:00:00+05:30,1709.6,1722.85,1689.1,1719.05,14435
2022-12-21 00:00:00+05:30,1710.85,1737.0,1627.1,1651.95,9398
2022-12-22 00:00:00+05:30,1651.0,1661.9,1582.55,1611.1,15563
2022-12-23 00:00:00+05:30,1607.0,1616.7,1586.9,1595.35,20511
2022-12-26 00:00:00+05:30,1571.4,1685.0,1571.4,1668.1,10409
2022-12-27 00:00:00+05:30,1675.0,1699.0,1660.05,1689.45,9254
2022-12-28 00:00:00+05:30,1700.0,1700.0,1646.9,1653.7,4376
2022-12-29 00:00:00+05:30,1645.0,1690.0,1642.8,1657.05,4644
2022-12-30 00:00:00+05:30,1657.1,1693.5,1652.35,1682.7,23784
2023-01-02 00:00:00+05:30,1684.65,1730.0,1674.5,1691.25,14457
2023-01-03 00:00:00+05:30,1720.0,1724.1,1680.0,1689.55,8147
2023-01-04 00:00:00+05:30,1680.0,1705.0,1670.4,1699.55,9080
2023-01-05 00:00:00+05:30,1691.05,1723.3,1690.0,1699.5,6128
2023-01-06 00:00:00+05:30,1697.65,1705.0,1686.1,1699.4,6833
2023-01-09 00:00:00+05:30,1706.55,1740.0,1682.35,1710.45,10306
2023-01-10 00:00:00+05:30,1731.15,1842.0,1723.05,1822.25,60005
2023-01-11 00:00:00+05:30,1818.0,1882.0,1791.0,1874.6,29400
2023-01-12 00:00:00+05:30,1862.25,1868.95,1801.4,1817.3,18649
2023-01-13 00:00:00+05:30,1829.5,1830.8,1776.0,1806.3,10393
2023-01-16 00:00:00+05:30,1806.95,1856.95,1783.45,1823.35,7764
2023-01-17 00:00:00+05:30,1845.0,1845.0,1800.0,1801.6,3464
2023-01-18 00:00:00+05:30,1819.6,1865.0,1800.0,1830.5,20667
2023-01-19 00:00:00+05:30,1848.8,1850.95,1820.0,1823.2,4555
2023-01-20 00:00:00+05:30,1836.65,1850.65,1827.8,1847.1,7479
2023-01-23 00:00:00+05:30,1860.0,1904.0,1800.0,1811.95,7788
2023-01-24 00:00:00+05:30,1810.0,1831.9,1791.3,1800.7,6411
2023-01-25 00:00:00+05:30,1802.2,1809.9,1754.55,1776.25,5351
2023-01-27 00:00:00+05:30,1772.2,1804.1,1700.05,1747.7,8212
2023-01-30 00:00:00+05:30,1721.3,1828.05,1721.3,1797.65,11174
2023-01-31 00:00:00+05:30,1797.1,1800.0,1776.2,1779.7,11061
2023-02-01 00:00:00+05:30,1782.1,1804.0,1730.3,1759.55,9619
2023-02-02 00:00:00+05:30,1784.2,1784.2,1757.05,1779.75,3997
2023-02-03 00:00:00+05:30,1797.55,1797.55,1743.2,1778.25,6897
2023-02-06 00:00:00+05:30,1803.1,1803.1,1750.0,1776.45,6769
2023-02-07 00:00:00+05:30,1779.55,1868.5,1776.05,1800.15,25394
2023-02-08 00:00:00+05:30,1818.15,1943.1,1782.05,1877.0,77949
2023-02-09 00:00:00+05:30,1889.0,1981.0,1862.3,1966.8,50109
2023-02-10 00:00:00+05:30,1976.0,2130.0,1973.25,2104.05,129052
2023-02-13 00:00:00+05:30,2130.0,2130.0,2000.0,2006.9,40585
2023-02-14 00:00:00+05:30,2019.8,2019.8,1840.0,1868.2,156702
2023-02-15 00:00:00+05:30,1888.8,1938.3,1871.25,1923.8,69893
2023-02-16 00:00:00+05:30,1947.0,1986.0,1923.85,1931.75,35194
2023-02-17 00:00:00+05:30,1951.05,1966.05,1911.05,1953.6,18550
2023-02-20 00:00:00+05:30,1973.15,1998.0,1921.65,1957.45,35069
2023-02-21 00:00:00+05:30,1984.1,1995.0,1954.1,1984.05,18118
2023-02-22 00:00:00+05:30,1995.0,1995.0,1948.65,1966.1,7686
2023-02-23 00:00:00+05:30,1946.45,1987.6,1930.0,1947.4,6513
2023-02-24 00:00:00+05:30,1965.3,1973.8,1924.9,1964.5,20195
2023-02-27 00:00:00+05:30,1965.0,1999.95,1945.25,1971.05,43225
2023-02-28 00:00:00+05:30,1972.0,2060.0,1930.0,2021.25,37292
2023-03-01 00:00:00+05:30,2021.25,2053.05,2017.05,2048.55,28972
2023-03-02 00:00:00+05:30,2048.55,2048.55,2005.8,2024.65,6002
2023-03-03 00:00:00+05:30,2041.25,2090.0,2025.25,2079.65,49649
2023-03-06 00:00:00+05:30,2090.95,2100.0,2044.65,2060.1,30037
2023-03-08 00:00:00+05:30,2080.7,2080.7,2022.0,2044.35,26510
2023-03-09 00:00:00+05:30,2063.0,2064.95,2010.1,2026.1,27164
2023-03-10 00:00:00+05:30,2040.0,2060.95,1981.0,2045.5,10806
2023-03-13 00:00:00+05:30,2045.5,2050.0,1962.0,1982.0,18944
2023-03-14 00:00:00+05:30,1982.0,2005.45,1937.25,1969.9,21149
2023-03-15 00:00:00+05:30,1969.9,1989.0,1871.7,1895.05,45965
2023-03-16 00:00:00+05:30,1914.0,1928.95,1850.5,1863.95,18486
2023-03-17 00:00:00+05:30,1888.85,1920.0,1875.0,1903.5,19443
2023-03-20 00:00:00+05:30,2199.95,2199.95,1900.2,1979.35,49394
2023-03-21 00:00:00+05:30,2005.1,2020.0,1949.55,1999.4,14861
2023-03-22 00:00:00+05:30,2019.4,2026.0,1975.55,2001.35,9956
2023-03-23 00:00:00+05:30,2021.0,2040.0,1980.05,2023.9,9946
2023-03-24 00:00:00+05:30,2020.0,2029.45,1931.05,1967.4,12505
2023-03-27 00:00:00+05:30,1987.05,1987.45,1902.3,1924.2,14677
2023-03-28 00:00:00+05:30,1895.35,1998.9,1895.35,1961.95,15991
2023-03-29 00:00:00+05:30,1981.55,2029.0,1946.5,2016.0,23215
2023-03-31 00:00:00+05:30,2044.2,2059.0,2020.85,2047.85,126538
2023-04-03 00:00:00+05:30,2075.0,2205.55,2046.1,2137.3,62121
2023-04-05 00:00:00+05:30,2165.1,2177.95,2120.0,2143.15,34431
2023-04-06 00:00:00+05:30,2143.15,2160.0,2084.65,2101.6,19499
2023-04-10 00:00:00+05:30,2131.05,2131.05,2054.1,2100.7,12580
2023-04-11 00:00:00+05:30,2121.7,2198.95,2106.05,2175.75,21388
2023-04-12 00:00:00+05:30,2176.05,2253.8,2149.55,2239.85,25357
2023-04-13 00:00:00+05:30,2238.55,2290.75,2214.0,2254.25,20686
2023-04-17 00:00:00+05:30,2254.05,2274.2,2181.75,2236.9,24570
2023-04-18 00:00:00+05:30,2237.05,2265.8,2211.25,2229.1,14012
2023-04-19 00:00:00+05:30,2206.8,2254.95,2165.0,2179.15,70654
2023-04-20 00:00:00+05:30,2209.65,2239.75,2164.25,2214.0,14406
2023-04-21 00:00:00+05:30,2236.15,2238.95,2185.2,2193.15,9889
2023-04-24 00:00:00+05:30,2220.0,2234.6,2160.05,2219.45,19022
2023-04-25 00:00:00+05:30,2219.5,2257.4,2195.45,2248.0,14953
2023-04-26 00:00:00+05:30,2200.0,2408.8,2200.0,2359.95,47340
2023-04-27 00:00:00+05:30,2383.55,2490.0,2327.35,2448.75,27315
2023-04-28 00:00:00+05:30,2475.0,2499.95,2325.3,2442.85,35874
2023-05-02 00:00:00+05:30,2461.0,2615.0,2380.0,2418.5,77657
2023-05-03 00:00:00+05:30,2430.0,2465.65,2385.55,2411.1,42771
2023-05-04 00:00:00+05:30,2427.25,2442.7,2381.0,2426.35,9024
2023-05-05 00:00:00+05:30,2449.25,2460.3,2377.3,2429.8,9332
2023-05-08 00:00:00+05:30,2429.0,2450.3,2399.9,2422.65,8944
2023-05-09 00:00:00+05:30,2444.25,2456.6,2433.85,2444.85,5726
2023-05-10 00:00:00+05:30,2415.0,2600.0,2415.0,2585.95,16639
2023-05-11 00:00:00+05:30,2596.0,2600.0,2380.0,2458.95,157018
2023-05-12 00:00:00+05:30,2450.0,2494.0,2404.9,2466.95,10034
2023-05-15 00:00:00+05:30,2494.9,2660.0,2461.0,2610.65,16327
2023-05-16 00:00:00+05:30,2620.05,2640.0,2406.1,2451.9,61363
2023-05-17 00:00:00+05:30,2443.85,2578.0,2420.9,2470.8,56762
2023-05-18 00:00:00+05:30,2537.5,2537.5,2470.05,2494.85,75465
2023-05-19 00:00:00+05:30,2494.85,2545.55,2440.0,2536.75,12816
2023-05-22 00:00:00+05:30,2536.75,2599.0,2535.95,2588.75,11214
2023-05-23 00:00:00+05:30,2600.0,2640.0,2513.35,2556.25,131710
2023-05-24 00:00:00+05:30,2558.0,2590.0,2504.95,2554.1,116848
2023-05-25 00:00:00+05:30,2588.75,2639.2,2527.05,2608.95,12825
2023-05-26 00:00:00+05:30,2608.9,2690.0,2597.1,2669.9,13972
2023-05-29 00:00:00+05:30,2698.95,2698.95,2644.8,2684.3,12427
2023-05-30 00:00:00+05:30,2698.5,2698.5,2645.0,2662.0,4488
2023-05-31 00:00:00+05:30,2670.0,2769.9,2656.0,2715.0,29695
2023-06-01 00:00:00+05:30,2686.85,2795.5,2686.85,2748.8,14043
2023-06-02 00:00:00+05:30,2787.0,2790.0,2736.1,2753.85,63755
2023-06-05 00:00:00+05:30,2792.4,2840.05,2766.6,2802.4,30074
2023-06-06 00:00:00+05:30,2841.65,2850.4,2764.05,2811.9,98124
2023-06-07 00:00:00+05:30,2850.0,2927.5,2820.35,2882.15,31811
2023-06-08 00:00:00+05:30,2922.5,2994.95,2779.4,2817.85,21300
2023-06-09 00:00:00+05:30,2849.0,2871.0,2802.9,2869.6,17884
2023-06-12 00:00:00+05:30,2876.4,2905.0,2876.4,2884.9,12138
2023-06-13 00:00:00+05:30,2909.95,2909.95,2850.0,2876.45,10246
2023-06-14 00:00:00+05:30,2908.95,2930.95,2876.45,2929.6,72238
2023-06-15 00:00:00+05:30,2925.0,2950.7,2909.25,2931.6,30007
2023-06-16 00:00:00+05:30,2940.6,3042.9,2935.1,3009.35,77662
2023-06-19 00:00:00+05:30,3016.0,3071.25,3015.0,3025.05,22778
2023-06-20 00:00:00+05:30,3025.0,3025.0,2889.95,2949.15,24399
2023-06-21 00:00:00+05:30,2970.0,3039.15,2939.95,3017.65,17646
2023-06-22 00:00:00+05:30,3029.05,3049.0,2975.05,2985.0,29378
2023-06-23 00:00:00+05:30,2989.7,2990.0,2900.0,2916.15,23469
2023-06-26 00:00:00+05:30,2928.5,2957.85,2898.1,2945.75,53098
2023-06-27 00:00:00+05:30,2975.0,2993.0,2901.5,2921.6,7719
2023-06-28 00:00:00+05:30,2939.0,2994.95,2920.55,2960.75,12701
2023-06-30 00:00:00+05:30,2975.0,2998.0,2896.55,2970.1,20388
2023-07-03 00:00:00+05:30,2994.0,3049.85,2932.55,3016.3,15684
2023-07-04 00:00:00+05:30,3016.3,3072.0,2970.05,2979.1,13695
2023-07-05 00:00:00+05:30,2982.0,3034.9,2742.05,2911.45,29831
2023-07-06 00:00:00+05:30,2875.05,2961.55,2875.05,2936.5,17347
2023-07-07 00:00:00+05:30,2936.5,3019.5,2915.2,2974.2,14188
2023-07-10 00:00:00+05:30,2932.0,2999.0,2932.0,2971.75,12897
2023-07-11 00:00:00+05:30,2971.75,3090.0,2971.75,3053.65,64463
2023-07-12 00:00:00+05:30,3070.0,3170.95,3042.5,3070.0,26406
2023-07-13 00:00:00+05:30,3090.0,3112.95,2987.5,3037.55,20358
2023-07-14 00:00:00+05:30,3068.0,3068.0,2965.5,2975.6,30283
2023-07-17 00:00:00+05:30,2995.0,3023.9,2901.5,2967.1,36261
2023-07-18 00:00:00+05:30,2979.0,3070.0,2954.75,3061.25,20484
2023-07-19 00:00:00+05:30,3103.0,3103.0,3000.05,3028.95,10165
2023-07-20 00:00:00+05:30,3059.0,3071.4,2990.95,3046.9,10975
2023-07-21 00:00:00+05:30,3070.0,3089.5,3016.05,3051.25,8133
2023-07-24 00:00:00+05:30,3089.95,3089.95,3007.0,3024.5,11082
2023-07-25 00:00:00+05:30,3066.85,3080.0,3006.0,3075.55,14019
2023-07-26 00:00:00+05:30,3070.5,3099.0,3019.0,3056.65,8533
2023-07-27 00:00:00+05:30,3035.0,3085.0,2945.1,2967.15,15442
2023-07-28 00:00:00+05:30,2974.0,2994.0,2800.0,2871.75,51455
2023-07-31 00:00:00+05:30,2870.1,2915.0,2842.0,2864.35,117101
2023-08-01 00:00:00+05:30,2896.95,2970.0,2845.0,2937.05,17233
2023-08-02 00:00:00+05:30,2978.2,3029.15,2900.0,2942.95,11902
2023-08-03 00:00:00+05:30,2945.2,2972.0,2880.15,2898.55,11287
2023-08-04 00:00:00+05:30,2939.05,2939.1,2860.05,2901.1,9783
2023-08-07 00:00:00+05:30,2933.0,2941.75,2901.15,2927.3,10893
2023-08-08 00:00:00+05:30,2875.05,3025.0,2875.05,2976.05,13371
2023-08-09 00:00:00+05:30,3006.0,3343.65,2960.4,3195.35,266886
2023-08-10 00:00:00+05:30,3210.0,3578.15,3143.0,3395.9,241805
2023-08-11 00:00:00+05:30,3440.0,3550.0,3410.1,3480.65,67047
2023-08-14 00:00:00+05:30,3530.25,3548.85,3435.0,3520.25,53659
2023-08-16 00:00:00+05:30,3544.0,3590.05,3464.2,3568.7,56425
2023-08-17 00:00:00+05:30,3580.0,3595.0,3457.0,3577.05,41971
2023-08-18 00:00:00+05:30,3580.0,3599.0,3430.0,3466.6,31158
2023-08-21 00:00:00+05:30,3500.0,3600.0,3465.05,3529.95,169521
2023-08-22 00:00:00+05:30,3549.85,3695.0,3522.55,3630.35,79218
2023-08-23 00:00:00+05:30,3671.9,3671.9,3557.85,3593.25,56443
2023-08-24 00:00:00+05:30,3624.0,3624.0,3451.05,3509.8,56495
2023-08-25 00:00:00+05:30,3509.8,3663.0,3509.8,3630.55,51367
2023-08-28 00:00:00+05:30,3650.0,3695.0,3630.55,3660.55,37888
2023-08-29 00:00:00+05:30,3665.0,3741.3,3661.75,3710.2,43806
2023-08-30 00:00:00+05:30,3734.0,3757.0,3685.0,3718.0,45547
2023-08-31 00:00:00+05:30,3718.0,3780.0,3603.2,3684.6,60207
2023-09-01 00:00:00+05:30,3666.05,3724.95,3643.45,3671.8,43857
2023-09-04 00:00:00+05:30,3724.1,3823.4,3717.8,3792.85,61215
2023-09-05 00:00:00+05:30,3792.0,3808.4,3690.0,3734.7,52114
2023-09-06 00:00:00+05:30,3780.0,3814.0,3714.55,3792.55,50830
2023-09-07 00:00:00+05:30,3830.0,3875.0,3785.0,3795.25,67833
2023-09-08 00:00:00+05:30,3795.25,3848.85,3753.35,3811.15,43739
2023-09-11 00:00:00+05:30,3849.0,3849.0,3611.2,3700.6,50657
2023-09-12 00:00:00+05:30,3684.0,3733.35,3448.05,3537.35,93111
2023-09-13 00:00:00+05:30,3560.0,3635.4,3459.55,3577.8,110347
2023-09-14 00:00:00+05:30,3560.2,3629.35,3505.0,3524.6,71403
2023-09-15 00:00:00+05:30,3521.05,3642.95,3430.55,3522.7,437083
2023-09-18 00:00:00+05:30,3554.0,3572.0,3473.0,3501.1,17866
2023-09-20 00:00:00+05:30,3515.2,3560.0,3469.35,3527.0,35588
2023-09-21 00:00:00+05:30,3527.0,3584.5,3505.95,3546.7,28293
2023-09-22 00:00:00+05:30,3565.0,3640.0,3523.85,3615.65,21998
2023-09-25 00:00:00+05:30,3606.9,3807.65,3606.9,3792.95,69761
2023-09-26 00:00:00+05:30,3785.05,3987.95,3755.0,3863.55,91976
2023-09-27 00:00:00+05:30,3849.95,3935.45,3820.3,3878.5,25034
2023-09-28 00:00:00+05:30,3875.1,3980.0,3853.65,3946.4,73234
2023-09-29 00:00:00+05:30,3945.05,3969.05,3878.7,3915.9,26460
2023-10-03 00:00:00+05:30,4000.0,4197.95,3970.0,4142.25,129215
2023-10-04 00:00:00+05:30,4160.0,4259.95,4131.0,4205.85,75801
2023-10-05 00:00:00+05:30,4311.0,4397.0,4235.0,4285.05,83096
2023-10-06 00:00:00+05:30,4294.7,4358.45,4290.05,4337.25,60034
2023-10-09 00:00:00+05:30,4285.25,4351.85,4235.0,4328.45,31830
2023-10-10 00:00:00+05:30,4339.7,4515.9,4339.7,4477.35,58878
2023-10-11 00:00:00+05:30,4500.0,4540.0,4440.0,4466.1,30785
2023-10-12 00:00:00+05:30,4458.0,4483.1,4330.05,4415.85,55342
2023-10-13 00:00:00+05:30,4409.75,4410.0,4287.0,4310.4,22291
2023-10-16 00:00:00+05:30,4330.0,4330.0,4199.9,4206.0,35376
2023-10-17 00:00:00+05:30,4219.95,4247.05,4159.95,4175.55,35144
2023-10-18 00:00:00+05:30,4178.0,4225.05,4151.5,4177.35,35244
2023-10-19 00:00:00+05:30,4232.0,4359.9,4185.0,4245.0,80516
2023-10-20 00:00:00+05:30,4268.0,4456.0,4245.05,4310.9,76269
2023-10-23 00:00:00+05:30,4350.0,4377.4,4125.05,4160.75,38180
2023-10-25 00:00:00+05:30,4200.0,4223.2,3851.0,3881.15,73041
2023-10-26 00:00:00+05:30,3881.95,3974.0,3620.05,3890.55,121851
2023-10-27 00:00:00+05:30,3948.15,4327.3,3897.0,4264.95,101806
2023-10-30 00:00:00+05:30,4270.0,4373.95,4131.1,4214.2,43529
2023-10-31 00:00:00+05:30,4235.7,4311.0,4101.35,4134.1,29813
2023-11-01 00:00:00+05:30,4142.95,4355.3,4022.1,4231.75,193457
2023-11-02 00:00:00+05:30,4285.0,4329.8,3961.0,4049.9,116672
2023-11-03 00:00:00+05:30,4125.0,4350.0,4060.0,4316.65,95273
2023-11-06 00:00:00+05:30,4304.05,4328.75,4241.0,4304.95,32625
2023-11-07 00:00:00+05:30,4300.0,4365.2,4250.0,4302.85,19022
2023-11-08 00:00:00+05:30,4306.0,4349.0,4205.0,4229.9,23184
2023-11-09 00:00:00+05:30,4238.0,4270.0,4160.0,4172.15,17680
2023-11-10 00:00:00+05:30,4200.0,4255.0,4131.35,4158.05,23538
2023-11-12 00:00:00+05:30,4170.05,4288.0,4170.05,4225.9,6790
2023-11-13 00:00:00+05:30,4245.0,4279.0,4109.9,4211.9,33438
2023-11-15 00:00:00+05:30,4200.0,4444.0,4199.0,4400.25,72814
2023-11-16 00:00:00+05:30,4420.0,4499.0,4343.0,4419.1,58067
2023-11-17 00:00:00+05:30,4419.05,4450.0,4336.55,4428.0,30630
2023-11-20 00:00:00+05:30,4464.0,4490.2,4340.45,4413.65,34466
2023-11-21 00:00:00+05:30,4413.65,4630.0,4372.0,4515.35,66232
2023-11-22 00:00:00+05:30,4512.05,4525.45,4375.0,4473.5,32883
2023-11-23 00:00:00+05:30,4497.65,4516.5,4431.15,4464.8,32589
2023-11-24 00:00:00+05:30,4495.0,4514.9,4447.7,4493.15,40139
2023-11-28 00:00:00+05:30,4500.0,4500.4,4397.0,4449.25,36603
2023-11-29 00:00:00+05:30,4485.0,4485.0,4368.0,4390.45,15152
2023-11-30 00:00:00+05:30,4449.0,4487.95,4291.0,4427.85,77043
2023-12-01 00:00:00+05:30,4480.0,4515.45,4400.0,4410.75,35128
2023-12-04 00:00:00+05:30,4494.0,4548.0,4343.0,4379.5,55334
2023-12-05 00:00:00+05:30,4375.0,4423.95,4203.0,4229.7,51723
2023-12-06 00:00:00+05:30,4232.0,4264.95,4032.55,4084.95,78290
2023-12-07 00:00:00+05:30,4117.0,4135.25,4020.0,4043.85,44113
2023-12-08 00:00:00+05:30,4040.0,4122.1,4025.0,4059.65,44872
2023-12-11 00:00:00+05:30,4062.05,4099.0,3865.55,3936.25,131232
2023-12-12 00:00:00+05:30,1997.0,2217.85,1995.05,2140.3,551975
2023-12-13 00:00:00+05:30,2163.0,2187.0,2070.2,2179.7,168218
2023-12-14 00:00:00+05:30,2222.0,2222.0,2167.5,2204.05,97325
2023-12-15 00:00:00+05:30,2204.05,2211.55,2078.5,2140.15,57446
2023-12-18 00:00:00+05:30,2164.5,2181.45,2112.0,2126.35,47337
2023-12-19 00:00:00+05:30,2113.0,2149.9,2106.5,2124.8,28952
2023-12-20 00:00:00+05:30,2129.95,2139.95,2090.0,2118.2,62022
2023-12-21 00:00:00+05:30,2104.0,2116.8,2063.75,2091.65,27916
2023-12-22 00:00:00+05:30,2095.55,2113.65,2050.0,2063.25,31050
2023-12-26 00:00:00+05:30,2035.05,2075.0,2011.35,2065.05,57580
2023-12-27 00:00:00+05:30,2060.05,2070.0,1985.0,1992.65,119126
2023-12-28 00:00:00+05:30,2000.0,2020.45,1934.5,1939.4,96642
2023-12-29 00:00:00+05:30,1920.0,1963.7,1881.65,1951.35,172688
2024-01-01 00:00:00+05:30,1940.0,1951.35,1884.0,1889.05,239503
2024-01-02 00:00:00+05:30,1891.95,1912.6,1844.2,1868.1,148508
2024-01-03 00:00:00+05:30,1868.0,1886.8,1845.1,1881.0,67719
2024-01-04 00:00:00+05:30,1882.2,1939.45,1873.6,1932.3,129861
2024-01-05 00:00:00+05:30,1943.15,1959.6,1928.2,1944.5,98177
2024-01-08 00:00:00+05:30,1954.0,1965.35,1913.0,1920.45,55738
2024-01-09 00:00:00+05:30,1940.45,1949.0,1892.55,1914.4,86923
2024-01-10 00:00:00+05:30,1903.0,1911.5,1875.5,1885.15,45555
2024-01-11 00:00:00+05:30,1924.0,1939.8,1885.15,1896.95,83443
2024-01-12 00:00:00+05:30,1935.0,1935.0,1897.25,1904.2,44958
2024-01-15 00:00:00+05:30,1909.95,1917.95,1881.25,1884.2,125755
2024-01-16 00:00:00+05:30,1889.95,1906.95,1834.95,1861.85,251448
2024-01-17 00:00:00+05:30,1861.8,1880.0,1833.6,1860.35,101282
2024-01-18 00:00:00+05:30,1861.35,1906.15,1831.5,1899.6,65778
2024-01-19 00:00:00+05:30,1924.0,1924.0,1900.0,1910.65,68085
2024-01-20 00:00:00+05:30,1925.0,1932.1,1900.95,1929.25,35148
2024-01-23 00:00:00+05:30,1931.0,1932.0,1895.35,1909.75,61542
2024-01-24 00:00:00+05:30,1909.05,1919.7,1884.7,1909.85,28985
2024-01-25 00:00:00+05:30,1914.15,1918.35,1890.0,1910.05,25124
2024-01-29 00:00:00+05:30,1910.1,1918.0,1883.0,1907.2,40486
2024-01-30 00:00:00+05:30,1905.85,1944.0,1895.2,1942.6,169010
2024-01-31 00:00:00+05:30,1945.0,2039.9,1938.1,2031.9,147076
2024-02-01 00:00:00+05:30,2040.25,2043.9,1992.25,2019.0,43220
2024-02-02 00:00:00+05:30,2024.85,2068.0,2001.15,2026.75,105854
2024-02-05 00:00:00+05:30,2027.0,2047.45,1980.0,2029.65,57578
2024-02-06 00:00:00+05:30,2050.0,2056.9,1997.1,2027.55,47750
2024-02-07 00:00:00+05:30,2041.75,2100.0,2003.5,2044.85,124255
2024-02-08 00:00:00+05:30,2045.0,2108.2,2035.25,2102.15,94549
2024-02-09 00:00:00+05:30,2102.15,2109.6,2026.0,2088.4,80319
2024-02-12 00:00:00+05:30,2051.0,2099.9,2030.8,2065.3,40611
2024-02-13 00:00:00+05:30,2089.95,2095.0,2024.95,2080.1,29514
2024-02-14 00:00:00+05:30,2074.05,2109.25,2058.85,2091.8,32007
2024-02-15 00:00:00+05:30,2091.0,2140.4,2014.45,2073.05,66628
2024-02-16 00:00:00+05:30,2059.0,2090.95,2039.9,2081.3,34714
2024-02-19 00:00:00+05:30,2056.0,2109.95,2052.25,2071.0,31874
2024-02-20 00:00:00+05:30,2098.0,2098.0,2026.0,2037.3,22481
2024-02-21 00:00:00+05:30,2039.95,2061.55,2025.05,2035.05,23732
2024-02-22 00:00:00+05:30,2035.05,2047.4,1988.05,2002.0,23985
2024-02-23 00:00:00+05:30,2015.9,2015.9,1964.05,1997.65,26134
2024-02-26 00:00:00+05:30,1995.0,2010.95,1962.75,1983.75,38168
2024-02-27 00:00:00+05:30,1978.95,1983.6,1920.0,1965.6,22236
2024-02-28 00:00:00+05:30,1969.95,1971.25,1917.7,1937.1,26081
2024-02-29 00:00:00+05:30,1937.0,2057.95,1875.0,2036.2,82991
2024-03-01 00:00:00+05:30,2031.4,2050.0,1975.0,1991.95,50092
2024-03-02 00:00:00+05:30,2000.0,2091.5,1940.0,2040.85,8144
2024-03-04 00:00:00+05:30,2049.9,2090.0,2000.0,2030.6,63802
2024-03-05 00:00:00+05:30,2030.0,2080.6,2021.6,2059.95,48903
2024-03-06 00:00:00+05:30,2060.75,2065.85,1971.0,1999.1,78186
2024-03-07 00:00:00+05:30,1998.0,2007.65,1926.85,1945.0,43716
2024-03-11 00:00:00+05:30,1940.0,1966.45,1845.0,1851.8,66550
2024-03-12 00:00:00+05:30,1860.0,1860.05,1803.3,1817.65,57443
2024-03-13 00:00:00+05:30,1817.05,1843.1,1689.9,1711.55,72112
2024-03-14 00:00:00+05:30,1711.55,1782.0,1700.0,1725.75,170422
2024-03-15 00:00:00+05:30,1732.6,1750.0,1691.0,1698.85,67311
2024-03-18 00:00:00+05:30,1693.0,1707.4,1648.6,1687.45,64114
2024-03-19 00:00:00+05:30,1687.45,1699.85,1648.75,1660.8,51643
2024-03-20 00:00:00+05:30,1660.8,1751.0,1650.3,1739.7,72617
2024-03-21 00:00:00+05:30,1745.0,1789.85,1741.25,1777.65,20655
2024-03-22 00:00:00+05:30,1759.8,1868.95,1755.0,1807.85,57491
2024-03-26 00:00:00+05:30,1808.0,1823.6,1764.25,1809.7,31401
2024-03-27 00:00:00+05:30,1807.95,1809.0,1776.95,1799.75,76932
2024-03-28 00:00:00+05:30,1800.0,1800.0,1710.0,1725.75,93418
2024-04-01 00:00:00+05:30,1724.05,1874.95,1724.0,1838.05,82312
2024-04-02 00:00:00+05:30,1820.0,1870.3,1795.05,1847.05,68476
2024-04-03 00:00:00+05:30,1844.95,1876.0,1824.75,1859.55,65939
2024-04-04 00:00:00+05:30,1853.45,1937.85,1840.85,1924.4,74421
2024-04-05 00:00:00+05:30,1926.0,2065.0,1918.0,2042.0,281613
2024-04-08 00:00:00+05:30,2041.9,2041.9,1987.2,2016.05,36601
2024-04-09 00:00:00+05:30,2016.0,2035.0,1967.25,1976.1,29772
2024-04-10 00:00:00+05:30,1990.0,2035.0,1963.95,1978.4,56735
2024-04-12 00:00:00+05:30,1978.45,2108.0,1961.95,1978.1,171213
2024-04-15 00:00:00+05:30,1925.0,2068.0,1905.55,2033.05,88916
2024-04-16 00:00:00+05:30,2026.0,2094.1,2026.0,2066.5,104975
2024-04-18 00:00:00+05:30,2060.0,2096.2,2027.5,2050.85,35397
2024-04-19 00:00:00+05:30,2042.35,2124.0,2029.55,2091.3,81558
2024-04-22 00:00:00+05:30,2107.25,2175.0,2085.0,2101.95,110605
2024-04-23 00:00:00+05:30,2122.95,2129.9,2066.9,2087.65,25460
2024-04-24 00:00:00+05:30,2092.2,2104.15,2056.85,2069.9,29345
2024-04-25 00:00:00+05:30,2055.0,2091.05,2040.05,2050.65,38328
2024-04-26 00:00:00+05:30,2059.95,2095.0,2048.0,2061.8,34968
2024-04-29 00:00:00+05:30,2062.0,2107.5,2050.0,2089.25,59904
2024-04-30 00:00:00+05:30,2092.95,2147.9,2075.0,2113.55,25971
2024-05-02 00:00:00+05:30,2113.55,2113.55,2035.1,2057.1,36096
2024-05-03 00:00:00+05:30,2061.0,2095.0,2003.75,2029.7,33998
2024-05-06 00:00:00+05:30,2033.0,2096.55,1995.0,2009.6,37323
2024-05-07 00:00:00+05:30,2009.9,2038.5,1944.0,1972.95,29336
2024-05-08 00:00:00+05:30,1942.8,2047.0,1942.8,2041.65,21186
2024-05-09 00:00:00+05:30,2055.0,2062.05,1948.8,1977.3,86697
2024-05-10 00:00:00+05:30,2004.95,2025.15,1978.45,2013.95,21920
2024-05-13 00:00:00+05:30,2019.45,2022.0,1970.0,1999.55,19933
2024-05-14 00:00:00+05:30,2015.0,2056.0,1980.0,2019.3,158633
2024-05-15 00:00:00+05:30,2020.25,2044.6,1966.05,2022.1,39457
2024-05-16 00:00:00+05:30,2022.1,2034.5,1988.8,2027.75,28341
2024-05-17 00:00:00+05:30,2040.0,2090.0,2024.7,2079.05,33532
2024-05-18 00:00:00+05:30,2174.0,2174.0,2090.05,2112.45,18464
2024-05-21 00:00:00+05:30,2112.45,2119.3,2044.15,2100.45,258611
2024-05-22 00:00:00+05:30,2118.9,2118.9,2065.95,2078.45,13059
2024-05-23 00:00:00+05:30,2092.95,2097.7,2038.0,2058.6,70255
2024-05-24 00:00:00+05:30,2052.2,2082.0,1999.1,2017.25,22969
2024-05-27 00:00:00+05:30,2017.0,2072.9,2017.0,2048.55,20318
2024-05-28 00:00:00+05:30,2069.05,2072.95,2011.05,2027.6,25331
2024-05-29 00:00:00+05:30,2025.0,2039.95,1999.0,2022.6,14152
2024-05-30 00:00:00+05:30,2005.0,2010.95,1960.0,1975.85,18283
2024-05-31 00:00:00+05:30,1975.85,2000.0,1941.95,1967.15,16110
2024-06-03 00:00:00+05:30,1975.0,2015.5,1892.45,1952.1,111161
2024-06-04 00:00:00+05:30,1963.7,1978.0,1865.0,1905.1,71874
2024-06-05 00:00:00+05:30,1931.0,1980.8,1850.0,1970.15,30776
2024-06-06 00:00:00+05:30,1974.85,2020.25,1966.25,2002.3,38845
2024-06-07 00:00:00+05:30,2000.0,2032.5,1985.5,2001.65,21971
2024-06-10 00:00:00+05:30,2017.65,2056.45,1988.85,2012.05,36300
2024-06-11 00:00:00+05:30,2039.55,2050.0,2003.3,2031.8,28533
2024-06-12 00:00:00+05:30,2032.5,2044.3,2010.05,2025.9,13285
2024-06-13 00:00:00+05:30,2010.05,2070.0,2008.05,2044.8,36981
2024-06-14 00:00:00+05:30,2075.0,2115.5,2052.0,2085.15,278698
2024-06-18 00:00:00+05:30,2086.0,2110.4,2050.05,2092.05,48828
2024-06-19 00:00:00+05:30,2112.95,2112.95,2071.25,2084.5,78996
2024-06-20 00:00:00+05:30,2084.5,2100.0,2049.0,2059.15,20242
2024-06-21 00:00:00+05:30,2087.0,2220.0,2052.35,2130.5,251831
2024-06-24 00:00:00+05:30,2140.0,2146.45,2065.55,2071.7,44985
2024-06-25 00:00:00+05:30,2096.0,2096.0,2045.0,2052.15,30563
2024-06-26 00:00:00+05:30,2050.0,2123.4,2040.7,2096.35,110127
2024-06-27 00:00:00+05:30,2104.0,2104.0,2016.0,2028.9,36272
2024-06-28 00:00:00+05:30,2049.95,2057.7,2031.0,2038.3,14143
2024-07-01 00:00:00+05:30,2066.0,2109.05,2035.0,2100.05,62329
2024-07-02 00:00:00+05:30,2100.05,2200.0,2082.05,2167.35,190992
2024-07-03 00:00:00+05:30,2200.0,2200.0,2115.0,2126.4,48747
2024-07-04 00:00:00+05:30,2129.05,2161.0,2110.0,2141.05,39206
2024-07-05 00:00:00+05:30,2136.6,2182.2,2130.5,2165.9,30064
2024-07-08 00:00:00+05:30,2187.45,2188.0,2120.8,2160.45,32367
2024-07-09 00:00:00+05:30,2150.0,2180.0,2100.05,2113.2,44894
2024-07-10 00:00:00+05:30,2143.45,2155.9,2060.85,2128.1,36213
2024-07-11 00:00:00+05:30,2128.1,2158.0,2118.65,2154.3,17071
2024-07-12 00:00:00+05:30,2154.3,2170.0,2110.0,2130.0,21586
2024-07-15 00:00:00+05:30,2201.25,2350.0,2130.8,2151.6,361404
2024-07-16 00:00:00+05:30,2159.0,2180.8,2121.0,2149.45,38226
2024-07-18 00:00:00+05:30,2137.9,2177.5,2106.05,2149.95,28041
2024-07-19 00:00:00+05:30,2149.0,2149.3,2045.0,2054.85,36517
2024-07-22 00:00:00+05:30,2054.85,2090.0,2026.7,2078.4,34824
2024-07-23 00:00:00+05:30,2074.4,2075.95,2000.0,2061.2,32871
2024-07-24 00:00:00+05:30,2062.05,2168.0,2049.85,2139.05,61507
2024-07-25 00:00:00+05:30,2115.75,2122.25,2080.5,2105.7,17490
2024-07-26 00:00:00+05:30,2102.0,2150.75,2072.0,2107.8,32567
2024-07-29 00:00:00+05:30,2116.7,2122.5,2067.2,2075.4,41753
2024-07-30 00:00:00+05:30,2075.6,2097.6,2044.95,2061.95,42756
2024-07-31 00:00:00+05:30,2060.0,2098.55,2054.05,2071.0,31960
2024-08-01 00:00:00+05:30,2099.95,2125.0,2076.45,2105.65,34038
2024-08-02 00:00:00+05:30,2104.0,2238.4,2100.0,2147.45,316677
2024-08-05 00:00:00+05:30,2095.45,2145.0,2028.0,2058.0,64685
2024-08-06 00:00:00+05:30,2058.95,2175.0,2058.95,2142.3,104846
2024-08-07 00:00:00+05:30,2350.0,2350.0,2178.0,2237.0,1471927
2024-08-08 00:00:00+05:30,2221.25,2329.0,2202.3,2321.65,342095
2024-08-09 00:00:00+05:30,2337.85,2365.0,2282.0,2307.95,265071
2024-08-12 00:00:00+05:30,2414.55,2457.7,2366.0,2388.65,529992
2024-08-13 00:00:00+05:30,2410.0,2417.0,2361.0,2379.1,153026
2024-08-14 00:00:00+05:30,2375.0,2400.0,2350.05,2386.1,61908
2024-08-16 00:00:00+05:30,2400.0,2406.0,2373.15,2399.6,69507
2024-08-19 00:00:00+05:30,2400.0,2400.0,2351.0,2356.55,80615
2024-08-20 00:00:00+05:30,2360.05,2389.3,2330.05,2343.9,56389
2024-08-21 00:00:00+05:30,2349.9,2392.95,2349.9,2384.1,36207
2024-08-22 00:00:00+05:30,2384.1,2395.8,2355.0,2362.9,31274
2024-08-23 00:00:00+05:30,2380.05,2400.0,2343.0,2374.95,56948
2024-08-26 00:00:00+05:30,2369.95,2391.95,2356.85,2365.15,35796
2024-08-27 00:00:00+05:30,2366.8,2388.0,2360.0,2365.9,32813
2024-08-28 00:00:00+05:30,2364.55,2382.9,2334.75,2369.85,163842
2024-08-29 00:00:00+05:30,2369.35,2445.35,2340.15,2351.45,98022
2024-08-30 00:00:00+05:30,2384.75,2524.0,2363.05,2476.2,561381
